sentence,x,y,w,l,area_percent,title,date,phone_num,address,index,content,total,brand_name,thank_you
LIKE CAFE,0.7272727272727273,0.03125,0.3636363636363637,0.052083333333333336,0.01893939393939394,0,0,0,0,0,0,0,1,0
"Số 10 Khúc Hạo, Ba Đình, Hà Nội",0.5151515151515151,0.09375,0.5757575757575758,0.04464285714285714,0.025703463203463204,0,0,0,1,0,0,0,0,0
4629719,0.8787878787878788,0.14285714285714285,0.21212121212121213,0.03273809523809524,0.006944444444444444,0,0,1,0,0,0,0,0,0
HOA ĐƠN THANH TOÁN.,0.2727272727272727,0.22767857142857145,0.5757575757575758,0.03571428571428571,0.020562770562770564,1,0,0,0,0,0,0,0,0
19/01/2014 8:49:59CH,0.060606060606060615,0.3273809523809524,0.7272727272727273,0.03422619047619048,0.02489177489177489,0,1,0,0,0,0,0,0,0
STT Thực Đơn ĐVT Đơn giá SL Thành Tiền,0.030303030303030307,0.3705357142857143,1.0303030303030305,0.04017857142857143,0.041396103896103896,0,0,0,0,1,0,0,0,0
1 Ca phe đá  1 cốc 100.000 100.000,0.09090909090909093,0.4211309523809524,1.0,0.03869047619047618,0.03869047619047618,0,0,0,0,0,1,0,0,0
1 Ca phe nâu  1 cốc 100.000 100.000,0.12121212121212124,0.4642857142857143,0.9696969696969696,0.04464285714285714,0.04329004329004329,0,0,0,0,0,1,0,0,0
"Hướng dương  dĩa 55000 1 55,000",0.12121212121212124,0.5104166666666666,0.9696969696969696,0.0625,0.060606060606060615,0,0,0,0,0,1,0,0,0
1 Sữa tươi 1 cốc 100.000 1 100:000,0.12121212121212124,0.5833333333333334,0.9696969696969696,0.043154761904761904,0.04184704184704185,0,0,0,0,0,1,0,0,0
Trà bạc hà* lcốc 95.000 1 95.000,0.12121212121212124,0.6309523809523809,0.9696969696969696,0.04464285714285714,0.04329004329004329,0,0,0,0,0,1,0,0,0
“Vinntaba 1 Chai 90.000 1 90.000,0.12121212121212124,0.6785714285714286,0.9696969696969696,0.046130952380952384,0.044733044733044736,0,0,0,0,0,1,0,0,0
Tiền hàng,0.030303030303030307,0.7276785714285714,0.18181818181818185,0.03422619047619048,0.006222943722943723,0,0,0,0,0,0,1,0,0
540000,0.8787878787878788,0.75,0.21212121212121213,0.029761904761904764,0.006313131313131313,0,0,0,0,0,0,1,0,0
Giảm gìá; - 0%,0.0,0.7767857142857143,0.30303030303030304,0.03869047619047618,0.011724386724386724,0,0,0,0,0,0,1,0,0
Tổng trên thanh toán::,0.0,0.8318452380952381,0.3939393939393939,0.04017857142857143,0.015827922077922076,0,0,0,0,0,0,1,0,0
540.000đ,0.8787878787878788,0.8630952380952381,0.21212121212121213,0.028273809523809524,0.005997474747474747,0,0,0,0,0,0,1,0,0
Xin cảm ơn quý khách và hẹn gặp lại,0.09090909090909093,0.9657738095238096,0.8787878787878788,0.06547619047619048,0.057539682539682536,0,0,0,0,0,0,0,0,1
Hóa đơn,0.4074074074074074,0.04473684210526317,0.4444444444444444,0.046052631578947366,0.02046783625730994,1,0,0,0,0,0,0,0,0
BTENVENUE A L'ESSENTIEL,0.07407407407407407,0.16578947368421051,0.6296296296296297,0.03289473684210526,0.020711500974658868,1,0,0,0,0,0,0,0,0
2018-05-05 19:01,0.037037037037037035,0.2355263157894737,1.037037037037037,0.035526315789473684,0.036842105263157884,0,1,0,0,0,0,0,0,0
Tên menu Đơn giá SL Tiền,0.037037037037037035,0.3131578947368421,1.148148148148148,0.03157894736842105,0.03625730994152047,0,0,0,0,1,0,0,0,0
"1 Salad 150,000 1 150,000",0.037037037037037035,0.4197368421052631,1.1851851851851851,0.035526315789473684,0.042105263157894736,0,0,0,0,0,1,0,0,0
"2. Rib steak 380000 1 380,000",0.037037037037037035,0.4578947368421053,1.1851851851851851,0.035526315789473684,0.042105263157894736,0,0,0,0,0,1,0,0,0
"Rem Bluate 100,000 1 100,000",0.037037037037037035,0.4934210526315789,1.1851851851851851,0.036842105263157884,0.04366471734892788,0,0,0,0,0,1,0,0,0
"Barsalou 12.5c] 95,000. 1 395,000",0.037037037037037035,0.5328947368421053,1.1851851851851851,0.03421052631578948,0.0405458089668616,0,0,0,0,0,1,0,0,0
"Tien Ban 735,000",0.0,0.6078947368421053,1.2222222222222223,0.036842105263157884,0.04502923976608187,0,0,0,0,0,0,1,0,0
"Tien khong thue 735,000",0.3333333333333333,0.6473684210526316,0.8888888888888888,0.038157894736842106,0.033918128654970764,0,0,0,0,0,0,1,0,0
"Tien dich vu 36,000",0.4074074074074074,0.6868421052631579,0.8148148148148148,0.038157894736842106,0.0310916179337232,0,0,0,0,0,1,0,0,0
Tong Cong 711.000,0.0,0.7618421052631579,1.2222222222222223,0.04473684210526317,0.054678362573099416,0,0,0,0,0,0,1,0,0
"Tien 414,000",0.6296296296296297,0.8039473684210526,0.5925925925925926,0.042105263157894736,0.024951267056530214,0,0,0,0,0,0,1,0,0
MẺCI,0.0,0.925,0.2222222222222222,0.036842105263157884,0.008187134502923977,0,0,0,0,0,0,0,0,1
ARENT OT,0.0,0.9671052631578948,0.3333333333333333,0.036842105263157884,0.012280701754385965,0,0,0,0,0,0,0,0,1
Que Cho Que Restaurant,0.5416666666666666,0.21544209215442087,0.6666666666666666,0.028642590286425906,0.019095060190950603,0,0,0,0,0,0,0,1,0
"44 Dao Duy Tu, Hoan Kiem, Ha Noi Viet nam",0.375,0.2353673723536737,0.9583333333333334,0.031133250311332506,0.029836031548360318,0,0,0,1,0,0,0,0,0
HÓA ĐƠN THANH TOÁN:,0.4166666666666667,0.32378580323785805,0.9166666666666666,0.0410958904109589,0.03767123287671234,1,0,0,0,0,0,0,0,0
18:40 - 1840 27/0217. INTAMTÍNH,0.3333333333333333,0.3549190535491905,1.0416666666666667,0.0398505603985056,0.04151100041511,0,0,0,1,0,0,0,0,0
Ngoài trời Mã HD ,0.3333333333333333,0.3872976338729763,1.0416666666666667,0.037359900373599,0.03891656288916563,0,1,0,0,0,0,0,0,0
Tên hàng SL Đơn giá Thành tiền,0.4166666666666667,0.4533001245330012,0.9166666666666666,0.026151930261519303,0.023972602739726026,0,0,0,0,1,0,0,0,0
"Bia Tiger 3 40,000 0 120,000",0.3333333333333333,0.4894146948941471,1.0416666666666667,0.034869240348692404,0.036322125363221255,0,0,0,0,0,1,0,0,0
"121 - Phở cuốn tôm 1 99,000 0 99,000",0.3333333333333333,0.5292652552926526,1.0416666666666667,0.0361145703611457,0.03761934412619344,0,0,0,0,0,1,0,0,0
"131 Bánh xèo size 1 79,000 0 79,000",0.2916666666666667,0.6326276463262764,1.125,0.033623910336239106,0.03782689912826899,0,0,0,0,0,1,0,0,0
Bia Tiger Free,0.2916666666666667,0.7110834371108343,0.3333333333333333,0.034869240348692404,0.011623080116230802,0,0,0,0,0,1,0,0,0
"Bia Draught Halds 1 30,000 0 30,000",0.2916666666666667,0.7584059775840598,1.125,0.034869240348692404,0.03922789539227895,0,0,0,0,0,1,0,0,0
"Tổng tiền: 328,000 VNĐ",0.25,0.8119551681195517,1.1666666666666667,0.0460772104607721,0.053756745537567464,0,0,0,0,0,0,1,0,0
Giảm giá: 0% = 0 VNĐ,0.25,0.8580323785803238,1.1666666666666667,0.04358655043586551,0.05085097550850976,0,0,0,0,0,0,1,0,0
Thuế 0% = 0 VNĐ,0.25,0.9028642590286424,1.1666666666666667,0.04358655043586551,0.05085097550850976,0,0,0,0,0,0,1,0,0
"THANH TOÁN: 328,000 VNB",0.25,0.9514321295143212,1.1666666666666667,0.0460772104607721,0.05375674553756746,0,0,0,0,0,0,1,0,0
KHÁCH HÀNG,0.2083333333333333,1.0386052303860522,0.4583333333333333,0.028642590286425906,0.013127853881278538,0,0,0,0,0,0,0,0,1
CƠ SỞ CHÍNH - QUẦY 1,0.2083333333333333,1.1369863013698631,0.7083333333333334,0.031133250311332506,0.022052718970527192,0,0,0,0,0,0,0,0,1
Thủ ngân: QUẢNLY,0.2083333333333333,1.1793275217932753,0.5833333333333334,0.0361145703611457,0.021066832710668327,0,0,0,0,0,0,0,0,1
Que Cho Que Restaurant,0.5416666666666666,0.21544209215442087,0.6666666666666666,0.028642590286425906,0.019095060190950603,0,0,0,0,0,0,0,1,0
"44 Dao Duy Tu, Hoan Kiem, Ha Noi Vietnam",0.375,0.2353673723536737,0.9583333333333334,0.031133250311332506,0.029836031548360318,0,0,0,1,0,0,0,0,0
HÓA ĐƠN THANH TOÁN:,0.4166666666666667,0.32378580323785805,0.9166666666666666,0.0410958904109589,0.03767123287671234,1,0,0,0,0,0,0,0,0
18:40 - 1840 27/0217. INTAMTÍNH,0.3333333333333333,0.3549190535491905,1.0416666666666667,0.0398505603985056,0.04151100041511,0,1,0,0,0,0,0,0,0
Tên hàng SL THành Tiền,0.4166666666666667,0.4533001245330012,0.9166666666666666,0.026151930261519303,0.023972602739726026,0,0,0,0,1,0,0,0,0
"| Bia Tiger 3. #3003 0 420,000]",0.3333333333333333,0.4894146948941471,1.0416666666666667,0.034869240348692404,0.036322125363221255,0,0,0,0,0,1,0,0,0
124 PhS cuốn tâm. 1 88603 0 4.000),0.3333333333333333,0.5292652552926526,1.0416666666666667,0.0361145703611457,0.03761934412619344,0,0,0,0,0,1,0,0,0
l Freeh mocals rats,0.2916666666666667,0.5740971357409713,0.5,0.029887920298879208,0.014943960149439604,0,0,0,0,0,1,0,0,0
Prawns & pov,0.2916666666666667,0.6014943960149439,0.4166666666666667,0.021170610211706103,0.008821087588210876,0,0,0,0,0,1,0,0,0
Í131A- Bá»hxègsze 1 79003 0 79.0001,0.2916666666666667,0.6326276463262764,1.125,0.033623910336239106,0.03782689912826899,0,0,0,0,0,1,0,0,0
|Sitring cake,0.2916666666666667,0.6749688667496887,0.3333333333333333,0.034869240348692404,0.011623080116230802,0,0,0,0,0,1,0,0,0
0905 933 159 - 0976 941 404,0.14285714285714285,0.12316715542521996,0.7857142857142857,0.045454545454545456,0.03571428571428571,0,0,1,0,0,0,0,0,0
HANDMADE,0.21428571428571427,0.18914956011730205,0.35714285714285715,0.029325513196480937,0.010473397570171765,0,0,0,0,0,0,0,1,0
ĐC: Số 10 Ngõ 78 Lò Đúc - Hai Bà Trưng -,0.21428571428571427,0.31231671554252194,0.9285714285714286,0.04105571847507331,0.03812316715542522,0,0,0,1,0,0,0,0,0
Hà Nội,0.6071428571428571,0.35043988269794724,0.17857142857142858,0.030791788856304982,0.005498533724340175,0,0,0,1,0,0,0,0,0
ĐT: 0163.897.2711 - 0865.571.195,0.2857142857142857,0.3900293255131965,0.7857142857142857,0.030791788856304982,0.024193548387096774,0,0,1,0,0,0,0,0,0
HOA DON BAN HANG,0.2857142857142857,0.4398826979472141,0.75,0.045454545454545456,0.03409090909090909,1,0,0,0,0,0,0,0,0
TAKE AWAY,0.5,0.5043988269794721,0.35714285714285715,0.029325513196480937,0.010473397570171765,1,0,0,0,0,0,0,0,0
Ngày: 28/09/2018 Số: 091800001,0.14285714285714285,0.5469208211143695,1.0714285714285714,0.04105571847507331,0.04398826979472141,0,1,0,0,0,0,0,0,0
Thu na&n: Administrator 1n lúc: 14:48,0.14285714285714285,0.5982404692082112,1.0714285714285714,0.03225806451612903,0.034562211981566816,0,1,0,0,0,0,0,0,0
Mặt hàng |ISL |ĐVT |Giá |T tiên,0.14285714285714285,0.6935483870967742,1.0,0.03225806451612903,0.03225806451612903,0,0,0,0,1,0,0,0,0
"DU BH | 2 ail! 7000) 40,000,",0.0,0.7346041055718475,1.2142857142857142,0.06744868035190615,0.08190196899874319,0,0,0,0,0,1,0,0,0
"2¬ Ms bó la! cải | 80,000. 160,000",0.10714285714285714,0.8240469208211144,1.1071428571428572,0.03519061583577713,0.03896103896103896,0,0,0,0,0,1,0,0,0
"Tổng: —_ 300,000",0.10714285714285714,0.8739002932551322,1.1071428571428572,0.05571847507331378,0.06168831168831169,0,0,0,0,0,0,1,0,0
"KHÁCH ĐƯA 350,000.",0.10714285714285714,0.935483870967742,1.1071428571428572,0.04838709677419355,0.05357142857142857,0,0,0,0,0,0,1,0,0
"TRA LAI 50,000",0.10714285714285714,0.9882697947214076,1.1071428571428572,0.04252199413489737,0.04707792207792208,0,0,0,0,0,0,1,0,0
Cam an Quy khách. 1e! gap aif,0.35714285714285715,1.0454545454545454,0.6071428571428571,0.026392961876832845,0.0160242982823628,0,0,0,0,0,0,0,0,1
NAMU TEA,0.7142857142857143,0.07749766573295985,0.6190476190476191,0.030812324929971987,0.01907429638522076,0,0,0,0,0,0,0,1,0
Đại chỉ: Só 16 - Nguyễn,0.5714285714285714,0.1092436974789916,0.8571428571428571,0.031746031746031744,0.027210884353741496,0,0,0,1,0,0,0,0,0
Thái Học - TX.Nghĩa Lộ -,0.5714285714285714,0.13725490196078433,0.8571428571428571,0.03361344537815126,0.028811524609843937,0,0,0,1,0,0,0,0,0
Yên bái,0.8095238095238095,0.16993464052287582,0.3809523809523809,0.02427637721755369,0.009248143701925214,0,0,0,1,0,0,0,0,0
0971.1989.604,0.7619047619047619,0.19607843137254904,0.4761904761904762,0.026143790849673203,0.012449424214130094,0,0,1,0,0,0,0,0,0
HÓA ĐƠN THANH TOÁN,0.4761904761904762,0.22689075630252106,1.0,0.036414565826330535,0.036414565826330535,1,0,0,0,0,0,0,0,0
HĐ: 0001,0.4761904761904762,0.2623716153127918,0.5238095238095238,0.026143790849673203,0.013694366635543105,0,1,0,0,0,0,0,0,0
Ngày: 06/04/2018 Giờ: 18:25:23,0.4761904761904762,0.2903828197945845,1.0476190476190477,0.030812324929971987,0.03227957849806589,0,1,0,0,0,0,0,0,0
BẢN: DINE IN,0.4761904761904762,0.31559290382819793,0.6190476190476191,0.031746031746031744,0.019652305366591082,0,0,0,0,0,0,0,0,1
Khách hàng:,0.4761904761904762,0.3464052287581699,0.42857142857142855,0.032679738562091505,0.014005602240896359,0,0,0,0,1,0,0,0,0
TÊN HÀNG SL Đ.GIÁ T.TIỀN,0.4761904761904762,0.3893557422969188,0.9523809523809524,0.028011204481792718,0.02667733760170735,0,0,0,0,1,0,0,0,0
Thức uống,0.42857142857142855,0.4220354808590103,0.42857142857142855,0.031746031746031744,0.013605442176870748,0,0,0,0,1,0,0,0,0
"HỎNG TRÀ - 1 27,000",0.42857142857142855,0.4556489262371615,1.0476190476190477,0.03361344537815126,0.035214085634253704,0,0,0,0,0,1,0,0,0
"TRA THIET 4 30,000",0.42857142857142855,0.4939309056956116,1.0476190476190477,0.032679738562091505,0.034235916588857766,0,0,0,0,0,1,0,0,0
"}ÈPudding.... 1 5,000.",0.4761904761904762,0.5490196078431373,1.0,0.031746031746031744,0.031746031746031744,0,0,0,0,0,1,0,0,0
J‡l3đường — 10,0.4761904761904762,0.5854341736694678,1.0,0.035480859010270774,0.035480859010270774,0,0,0,0,0,1,0,0,0
"Tràôlong 1 30,000",0.42857142857142855,0.6209150326797386,1.0,0.03361344537815126,0.03361344537815126,0,0,0,0,0,1,0,0,0
"Phác 020 trâu 1 5,000",0.42857142857142855,0.6591970121381886,1.0,0.04014939309056957,0.04014939309056957,0,0,0,0,0,1,0,0,0
Jÿ1l3đường 1  g,0.42857142857142855,0.7105508870214753,1.0,0.03734827264239029,0.03734827264239029,0,0,0,0,0,1,0,0,0
"37,000",1.1428571428571428,0.7619047619047619,0.2857142857142857,0.02240896358543417,0.006402561024409764,0,0,0,0,0,0,1,0,0
T.CÔNG,0.3809523809523809,0.7833800186741363,0.3333333333333333,0.02427637721755369,0.008092125739184563,0,0,0,0,0,0,1,0,0
"97,000",1.1428571428571428,0.7983193277310925,0.2857142857142857,0.02707749766573296,0.007736427904495131,0,0,0,0,0,0,1,0,0
"Tiền mặt 97,000",0.3809523809523809,0.8132586367880486,1.0476190476190477,0.0457516339869281,0.04793028322440087,0,0,0,0,0,0,1,0,0
Khách đưa,0.3809523809523809,0.8711484593837535,0.3809523809523809,0.02334267040149393,0.008892445867235784,0,0,0,0,0,0,1,0,0
"200,000",1.0952380952380951,0.8851540616246498,0.3333333333333333,0.031746031746031744,0.01058201058201058,0,0,0,0,0,0,1,0,0
Trả lại 103.000,0.3809523809523809,0.9047619047619048,1.0476190476190477,0.04481792717086835,0.04695211417900493,0,0,0,0,0,0,1,0,0
CẢM ƠN QUY KHAcH,0.4761904761904762,0.9635854341736696,0.8095238095238095,0.0392156862745098,0.031746031746031744,0,0,0,0,0,0,0,0,1
XIN GẶP LẠI!,0.6190476190476191,1.0,0.5238095238095238,0.031746031746031744,0.016628873771730914,0,0,0,0,0,0,0,0,1
HOTLINE: 0984.087.24(¢,0.0,0.02975653742110009,1.1828703703703705,0.04959422903516682,0.05866354406706075,0,0,1,0,0,0,0,0,0
PUDADAC,0.4074074074074074,0.10640216411181244,0.4444444444444444,0.033363390441839495,0.01482817352970644,0,0,0,0,0,0,0,1,0
A19 - Home Clly- Trung Kinh- Câu Giáy - HN,0.14814814814814814,0.1424706943192065,0.9629629629629628,0.027051397655545536,0.02604949403867348,0,0,0,1,0,0,0,0,0
904.0 926.0 577.0,0.4814814814814815,0.1740306582506763,0.2962962962962963,0.018034265103697024,0.0053434859566509705,0,0,1,0,0,0,0,0,0
HÓA ĐƠN THANH TOÁN,0.25925925925925924,0.21009918845807032,0.7407407407407407,0.027953110910730387,0.02070600808202251,1,0,0,0,0,0,0,0,0
HĐ: 0006,0.1111111111111111,0.25247971145175835,0.3703703703703704,0.019837691614066733,0.007347293190395085,1,0,0,0,0,0,0,0,0
Ngày: 18/06/2017 Giờ: 13:40:24,0.1111111111111111,0.2750225428313796,1.0,0.024346257889990983,0.024346257889990983,0,1,0,0,0,0,0,0,0
Hé,1.0,0.3056807935076646,0.1111111111111111,0.02164111812443643,0.0024045686804929365,1,0,0,0,0,0,0,0,0
Thu ngân: Người quản trị,0.1111111111111111,0.3246167718665464,0.7407407407407407,0.031559963931469794,0.023377751060348,1,0,0,0,0,0,0,0,0
Khách hàng,0.1111111111111111,0.3498647430117223,0.3333333333333333,0.027051397655545536,0.009017132551848512,1,0,0,0,0,0,0,0,0
TEN HANG SL ĐG T.TIỀN,0.14814814814814814,0.3868349864743012,0.9259259259259259,0.026149684400360685,0.02421267074107471,0,0,0,0,1,0,0,0,0
THÚC ĂN,0.1111111111111111,0.4201983769161407,0.25925925925925924,0.02164111812443643,0.0056106602544835175,0,0,0,0,1,0,0,0,0
"Gà rán sốt xì dầu 1.0 260,000 260,000",0.07407407407407407,0.454463480613165,1.037037037037037,0.027051397655545536,0.0280533012724176,0,0,0,0,0,1,0,0,0
"Gà rán sắt tỏi 4.0 260,000 260,000",0.07407407407407407,0.4869251577998197,1.037037037037037,0.02524797114517584,0.02618308118758976,0,0,0,0,0,1,0,0,0
"Cơm cuộncángừ 1.0 60,000 60,000",0.07407407407407407,0.521190261496844,1.037037037037037,0.026149684400360685,0.027118191230003672,0,0,0,0,0,1,0,0,0
"680,000",0.8888888888888888,0.5590622182146078,0.2222222222222222,0.019837691614066733,0.004408375914237051,0,0,0,0,0,0,1,0,0
THÚC UỎNG,0.07407407407407407,0.5942290351668169,0.3333333333333333,0.02254283137962128,0.007514277126540426,0,0,0,0,1,0,0,0,0
"Nước ép chanh dây: 1.0 45,000 45,000",0.037037037037037035,0.6275924256086565,1.0740740740740742,0.028854824165915238,0.030992218548575624,0,0,0,0,0,1,0,0,0
"Nước áp cả rốt+ cà 1.0 60,000 50,000",0.037037037037037035,0.6645626690712354,1.0740740740740742,0.026149684400360685,0.028086698059646663,0,0,0,0,0,1,0,0,0
chua,0.037037037037037035,0.6862037871956718,0.1851851851851852,0.018935978358881875,0.0035066626590522,0,0,0,0,0,1,0,0,0
"95,000",0.9259259259259259,0.7222723174030659,0.1851851851851852,0.018935978358881875,0.0035066626590522,0,0,0,0,0,0,1,0,0
"T.CONG 5.0 676,000",0.037037037037037035,0.7583408476104598,1.0740740740740742,0.02975653742110009,0.03196072537821862,0,0,0,0,0,0,1,0,0
"TIÊN MẠT 675,000",0.07407407407407407,0.78809738503156,1.037037037037037,0.03787195671776375,0.03927462178138463,0,0,0,0,0,0,1,0,0
"Sáu trăm bảy mươi lăm ngàn đồng,/.",0.037037037037037035,0.8241659152389541,0.9629629629629628,0.0351668169522092,0.03386434225027552,0,0,0,0,0,0,1,0,0
"KHÁCH ĐUA. 00,000",0.037037037037037035,0.8485121731289449,1.0740740740740742,0.031559963931469794,0.03389773903750458,0,0,0,0,0,0,1,0,0
"TRẢ LẠI 26,000",0.037037037037037035,0.8800721370604148,1.0740740740740742,0.034265103697024346,0.03680325952643355,0,0,0,0,0,0,1,0,0
XIN CAM ON - HEN GAP LAI,0.1851851851851852,0.9729486023444543,0.7777777777777778,0.02975653742110009,0.02314397354974452,0,0,0,0,0,0,0,0,1
**“** BẠN SAO HOA DON **,0.25925925925925924,1.0117222723174029,0.5925925925925926,0.018034265103697024,0.010686971913301941,0,0,0,0,0,0,0,0,1
MOTA CAFE,0.8125,0.05367231638418079,0.6875,0.03672316384180791,0.025247175141242938,0,0,0,0,0,0,0,1,0
"272 HÀ HUY TẬP - TP, HÀ TĨNH",0.5625,0.12005649717514125,1.1875,0.03954802259887006,0.04696327683615819,0,0,0,1,0,0,0,0,0
911586768.0,0.875,0.1807909604519774,0.5,0.031073446327683617,0.015536723163841809,0,0,1,0,0,0,0,0,0
HOA DON BAN HANG,0.625,0.23163841807909605,1.0625,0.040960451977401134,0.0435204802259887,1,0,0,0,0,0,0,0,0
Ngày 17/11/18 Số: 111800005,0.4375,0.2782485875706215,1.4375,0.04378531073446328,0.06294138418079095,0,1,0,0,0,0,0,0,0
BÀN 02,0.9375,0.3319209039548023,0.4375,0.040960451977401134,0.017920197740112994,1,0,0,0,0,0,0,0,0
Thu ngân: Administrator,0.4375,0.3785310734463277,0.9375,0.03954802259887006,0.03707627118644068,1,0,0,0,0,0,0,0,0
“Giờ vào: 17:17 Giờra: 17:17,0.4375,0.4675141242937853,1.375,0.04378531073446328,0.060204802259887,0,1,0,0,0,0,0,0,0
¡ Mặt hàng! SL| Giá !T tiền,0.4375,0.5169491525423728,1.375,0.03672316384180791,0.05049435028248588,0,0,0,0,1,0,0,0,0
‘Gold Kiwi,0.4375,0.5692090395480226,0.4375,0.02824858757062147,0.012358757062146892,0,0,0,0,0,1,0,0,0
{Green Tea | 1! 35.000! 35.0001,0.4375,0.6031073446327684,1.4375,0.03389830508474576,0.048728813559322036,0,0,0,0,0,1,0,0,0
| (Tra Kiwi),0.4375,0.6370056497175142,0.4375,0.031073446327683617,0.013594632768361582,0,0,0,0,0,1,0,0,0
Í Trả sữa vị,0.4375,0.6822033898305084,0.4375,0.0268361581920904,0.011740819209039549,0,0,0,0,0,1,0,0,0
1; 30.000; 30.000.,1.0625,0.7005649717514124,0.75,0.029661016949152543,0.02224576271186441,0,0,0,0,0,1,0,0,0
that dẻ,0.4375,0.7161016949152542,0.3125,0.029661016949152543,0.009269067796610169,0,0,0,0,0,1,0,0,0
| Trà sữa vị,0.4375,0.7598870056497176,0.5,0.03389830508474576,0.01694915254237288,0,0,0,0,0,1,0,0,0
Í phúc bồn tử |  l| 30-000. 30.000,0.4375,0.7782485875706214,1.375,0.046610169491525424,0.06408898305084745,0,0,0,0,0,1,0,0,0
Tiên hàng: 95.000,0.4375,0.8418079096045198,1.375,0.03954802259887006,0.054378531073446326,0,0,0,0,0,1,0,0,0
Giảm 10%: 10.000,0.4375,0.8968926553672316,1.375,0.03672316384180791,0.05049435028248588,0,0,0,0,0,0,1,0,0
Tổng: 85.000,0.4375,0.9463276836158192,1.375,0.05790960451977401,0.07962570621468927,0,0,0,0,0,0,1,0,0
"Cam đn (Quý khách. Hen gap (gi, (",0.5,1.0141242937853108,1.25,0.03954802259887006,0.049435028248587566,0,0,0,0,0,0,0,0,1
Nba Hang MUGI po,0.125,0.007376185458377239,1.3333333333333333,0.06533192834562697,0.0871092377941693,1,0,0,0,0,0,0,0,0
Trần Bạch Đằng: Tp. Đà Nẵng,0.16666666666666666,0.1285563751317176,0.9583333333333334,0.03898840885142255,0.03736389181594661,0,0,0,1,0,0,0,0,0
PHIẾU THANH TOÁN,0.3333333333333333,0.16332982086406744,0.625,0.03477344573234984,0.021733403582718653,1,0,0,0,0,0,0,0,0
21/07/17 11:57:39 AM:,0.2916666666666667,0.22866174920969445,0.5,0.0273972602739726,0.0136986301369863,0,1,0,0,0,0,0,0,0
"Ati ""... 12:88:31, PM",0.08333333333333333,0.2465753424657534,0.7083333333333334,0.04636459430979978,0.03284158763610818,0,1,0,0,0,0,0,0,0
Tên hàng — SL Đongiá Thành tiền.,0.08333333333333333,0.2961011591148577,1.0833333333333333,0.0410958904109589,0.04452054794520549,0,0,0,0,1,0,0,0,0
CA chim -,0.08333333333333333,0.3308746048472076,0.25,0.023182297154899896,0.005795574288724974,0,0,0,0,0,1,0,0,0
"600,000 4,800,000",0.6666666666666666,0.3466807165437302,0.5416666666666666,0.023182297154899896,0.012557077625570777,0,0,0,0,0,1,0,0,0
"Canh chủamnghêu. 3 460,000 450,000",0.08333333333333333,0.3656480505795574,1.125,0.03898840885142255,0.04386195995785037,0,0,0,0,0,1,0,0,0
Com trang 8 30/000 {80:00,0.04166666666666666,0.3983140147523709,1.1666666666666667,0.03898840885142255,0.04548647699332632,0,0,0,0,0,1,0,0,0
Göi súa.,0.041666666666666664,0.4351949420442571,0.25,0.024236037934668067,0.006059009483667018,0,0,0,0,0,1,0,0,0
"150,000 460,000",0.6666666666666666,0.4488935721812434,0.5416666666666666,0.024236037934668067,0.013127853881278538,0,0,0,0,0,1,0,0,0
"jMụ'c cơm 4 800,000 2,000,000",0.0,0.4646996838777661,1.2083333333333333,0.0368809272918862,0.04456445381102915,0,0,0,0,0,1,0,0,0
"Nước ngọt 3. 1B;000) 45,000),",0.0,0.5036880927291886,1.2083333333333333,0.03477344573234984,0.04201791359325606,0,0,0,0,0,1,0,0,0
"Nước suối 6 40,000 (60,000)",0.0,0.5468914646996839,1.2083333333333333,0.03161222339304531,0.038198103266596416,0,0,0,0,0,1,0,0,0
"¡rong nho. 2_ 180,000 300,000",0.0,0.5774499473129611,1.2083333333333333,0.030558482613277125,0.03692483315770987,0,0,0,0,0,1,0,0,0
"ThỊfräm mặn 6 120/000 720,00:",0.0,0.6153846153846154,1.25,0.032665964172813484,0.04083245521601686,0,0,0,0,0,1,0,0,0
"Tiger. Cc 8 16,000 428;000",0.0,0.6628029504741834,1.25,0.028451001053740783,0.035563751317175984,0,0,0,0,0,1,0,0,0
"Trúng chiến 6 60,000 300/000",0.0,0.7060063224446786,1.25,0.03161222339304531,0.039515279241306635,0,0,0,0,0,1,0,0,0
"Tổng công: 6,103,000",0.4166666666666667,0.7618545837723921,0.8333333333333334,0.03371970495258166,0.028099754127151388,0,0,0,0,0,0,1,0,0
"Thanh toán); 6,103:008",0.375,0.8292939936775553,0.875,0.032665964172813484,0.028582718651211807,0,0,0,0,0,0,1,0,0
Thu naan: Thử Ngẩn:,0.0,0.8724973656480506,0.6666666666666666,0.030558482613277125,0.02037232174218476,0,0,0,0,0,0,0,0,1
(Giá trên:chừa:Baø:gỏmi 9%ÌH18)),0.08333333333333333,0.952581664910432,1.0416666666666667,0.029504741833508964,0.030734106076571836,0,0,0,0,0,0,1,0,0
Cám ơn quý khách,0.2916666666666667,0.9841938883034772,0.625,0.023182297154899896,0.014488935721812434,0,0,0,0,0,0,0,0,1
CAFE KHOA,0.0,0.013612565445026176,0.90625,0.03036649214659685,0.027519633507853403,0,0,0,0,0,0,0,1,0
87 Trích Sài - Tây Hồ - Hà Nội,0.0,0.04712041884816754,1.0,0.025130890052356025,0.025130890052356025,0,0,0,1,0,0,0,0,0
0168.966.6486,0.625,0.0712041884816754,0.28125,0.02198952879581152,0.006184554973821989,0,0,1,0,0,0,0,0,0
0994 0s7 2m +,0.03125,0.11727748691099475,0.65625,0.034554973821989535,0.022676701570680628,0,0,1,0,0,0,0,0,0
TÊN ÊN HÀNG SL  ĐGIÁ TTIỀN,0.4375,0.2282722513089005,0.625,0.025130890052356025,0.015706806282722512,0,0,0,0,1,0,0,0,0
"Thăng long. 1 25000 25,000",0.40625,0.25654450261780104,0.6875,0.023036649214659685,0.015837696335078533,0,0,0,0,0,1,0,0,0
"Đĩahoaquàtt 4 420,000 120,000",0.40625,0.3130890052356021,0.6875,0.025130890052356025,0.017277486910994764,0,0,0,0,0,1,0,0,0
"Nước dứa ép 2 45/000 80,000",0.40625,0.3403141361256545,0.65625,0.02408376963350785,0.015804973821989532,0,0,0,0,0,1,0,0,0
"Sinh tốt chanh tuyết 2 45,000 90,000",0.375,0.3675392670157068,0.6875,0.027225130890052355,0.018717277486911,0,0,0,0,0,1,0,0,0
"Hàn 20 25000 500,000",0.375,0.3968586387434555,0.6875,0.025130890052356025,0.017277486910994764,0,0,0,0,0,1,0,0,0
"Magarla  - 1 80,000 40,000",0.375,0.4251308900523561,0.6875,0.023036649214659685,0.015837696335078533,0,0,0,0,0,1,0,0,0
"Longleiani + 60,000 80,000",0.375,0.4544502617801047,0.6875,0.02408376963350785,0.01655759162303665,0,0,0,0,0,1,0,0,0
"Frequilasunce 1 80,000 60,000",0.375,0.4816753926701571,0.6875,0.025130890052356025,0.017277486910994764,0,0,0,0,0,1,0,0,0
"Bóng nước hồ tay 1 45,000 45,000",0.375,0.5099476439790576,0.6875,0.026178010471204192,0.01799738219895288,0,0,0,0,0,1,0,0,0
"Ký ức ngọt ngào 1 45,000 45,000",0.375,0.5382198952879581,0.6875,0.02408376963350785,0.01655759162303665,0,0,0,0,0,1,0,0,0
"Nâng bạchtuyếtvà 1 45,000 45,000",0.375,0.5633507853403141,0.6875,0.027225130890052355,0.018717277486911,0,0,0,0,0,1,0,0,0
bảy chú lùn,0.375,0.5832460732984294,0.1875,0.01884816753926701,0.0035340314136125656,0,0,0,0,0,1,0,0,0
"Niềm hy vọng xanh 1 45,000 45,000",0.375,0.6104712041884817,0.6875,0.02198952879581152,0.015117801047120419,0,0,0,0,0,1,0,0,0
"Giấc mơ hồng 1 45,000 45,000",0.375,0.6356020942408377,0.6875,0.028272251308900525,0.01943717277486911,0,0,0,0,0,1,0,0,0
"Tiàhươngv 1 30/000 30,000.",0.375,0.6659685863874345,0.6875,0.025130890052356025,0.017277486910994764,0,0,0,0,0,1,0,0,0
"Trà hương vị sữa. 1 35,000 35,000",0.375,0.6973821989528796,0.6875,0.023036649214659685,0.015837696335078533,0,0,0,0,0,1,0,0,0
"GIAM% MON 5% -1,750.",0.375,0.7193717277486911,0.6875,0.02408376963350785,0.01655759162303665,0,0,0,0,0,0,1,0,0
"T,GỌNG: 38 1,398,000",0.375,0.7476439790575916,0.6875,0.027225130890052355,0.018717277486911,0,0,0,0,0,0,1,0,0
"GIAM MON. -1,750.",0.375,0.774869109947644,0.6875,0.025130890052356025,0.017277486910994764,0,0,0,0,0,0,1,0,0
"| GIAMITIEN HB) -10,000.",0.34375,0.8251308900523561,0.71875,0.025130890052356025,0.01806282722513089,0,0,0,0,0,0,1,0,0
"ý Tiên mặt. ~ 1,243,925",0.34375,0.8534031413612565,0.71875,0.032460732984293195,0.02333115183246073,0,0,0,0,0,0,1,0,0
"Khách đưa - 1,500,500",0.34375,0.9099476439790576,0.71875,0.02408376963350785,0.017310209424083768,0,0,0,0,0,0,1,0,0
"Trả lại 289,075",0.34375,0.9361256544502616,0.71875,0.031413612565445025,0.02257853403141361,0,0,0,0,0,0,1,0,0
THE OPERA,0.25,0.032627865961199286,1.0,0.042328042328042326,0.042328042328042326,0,0,0,0,0,0,0,1,0
Sá 1 Trưng Yên 3 - Ngõ 67 Nguyễm,0.16666666666666666,0.08818342151675485,1.125,0.026455026455026454,0.029761904761904764,0,0,0,1,0,0,0,0,0
Khang - Cều Giây - HN,0.375,0.11375661375661375,0.7916666666666666,0.0255731922398589,0.020245443856554968,0,0,0,1,0,0,0,0,0
HÓA ĐƠN THANH TOAN,0.16666666666666666,0.18077601410934746,1.125,0.031746031746031744,0.03571428571428571,1,0,0,0,0,0,0,0,0
SóHĐ 0002,0.125,0.2239858906525573,0.5833333333333334,0.0255731922398589,0.014917695473251029,1,0,0,0,0,0,0,0,0
Ngày: 3005/2017 Giờ 102613,0.125,0.2522045855379189,1.2083333333333333,0.031746031746031744,0.03835978835978837,0,1,0,0,0,0,0,0,0
TakeAway,0.4166666666666667,0.2857142857142857,0.5416666666666666,0.036155202821869487,0.019584068195179303,1,0,0,0,0,0,0,0,0
Thu ngân: Người quản tị,0.125,0.3271604938271605,1.0416666666666667,0.02998236331569665,0.03123162845385068,1,0,0,0,0,0,0,0,0
Khách hàng:,0.125,0.3562610229276896,0.5,0.031746031746031744,0.015873015873015872,1,0,0,0,0,0,0,0,0
TÊNHÀNG SL ĐÐĐG T.TIÊN,0.125,0.4091710758377425,1.125,0.02292768959435626,0.025793650793650792,0,0,0,0,1,0,0,0,0
THỨC UỎNG,0.125,0.455026455026455,0.5,0.02469135802469136,0.012345679012345678,0,0,0,0,1,0,0,0,0
"Trà sữa Khoai 1 23,000",0.08333333333333333,0.4911816578483245,1.25,0.032627865961199286,0.040784832451499116,0,0,0,0,0,1,0,0,0
môn-M,0.08333333333333333,0.5273368606701939,0.2916666666666667,0.019400352733686062,0.005658436213991771,0,0,0,0,0,1,0,0,0
|->Trân châu 1 5.000,0.125,0.562610229276896,1.2083333333333333,0.02821869488536155,0.03409758965314521,0,0,0,0,0,1,0,0,0
đen,0.08333333333333333,0.5934744268077602,0.16666666666666666,0.02292768959435626,0.0038212815990593773,0,0,0,0,0,1,0,0,0
|->Thạch rau 1 5.000,0.125,0.6313932980599647,1.2083333333333333,0.0291005291005291,0.035163139329806,0,0,0,0,0,1,0,0,0
câu,0.08333333333333333,0.6622574955908289,0.16666666666666666,0.023809523809523808,0.003968253968253968,0,0,0,0,0,1,0,0,0
"Tra xanh tao-L 1 28,000",0.08333333333333333,0.699294532627866,1.25,0.0308641975308642,0.03858024691358025,0,0,0,0,0,1,0,0,0
Trà dưa lưới-L 1 28000,0.041666666666666664,0.7433862433862434,1.2916666666666667,0.037037037037037035,0.047839506172839504,0,0,0,0,0,1,0,0,0
"89,000",1.0,0.8042328042328042,0.2916666666666667,0.02998236331569665,0.008744855967078191,0,0,0,0,0,1,0,0,0
"T.CONG 89,000",0.041666666666666664,0.8439153439153442,1.25,0.03968253968253968,0.0496031746031746,0,0,0,0,0,0,1,0,0
"TIEN MAT 89,000",0.04166666666666666,0.8809523809523809,1.25,0.04585537918871252,0.05731922398589065,0,0,0,0,0,0,1,0,0
Tám mươi chín ngàn đẳng. /.,0.041666666666666664,0.9206349206349206,1.0833333333333333,0.04497354497354497,0.04872134038800705,0,0,0,0,0,0,1,0,0
XIN CAM ON - HEN GAP Lar,0.04166666666666666,0.9876543209876544,1.25,0.04497354497354497,0.05621693121693122,0,0,0,0,0,0,0,0,1
Đ/C: KĐT Sinh Thái Cao Cáp,0.3461538461538461,0.07598253275109171,0.7692307692307693,0.036681222707423584,0.0282163251595566,0,0,0,1,0,0,0,0,0
Đan Phượng - Hà Nội -,0.5,0.1039301310043668,0.5769230769230769,0.0314410480349345,0.01813906617400067,0,0,0,1,0,0,0,0,0
09144622222 -,0.5769230769230769,0.1301310043668122,0.4230769230769231,0.027074235807860263,0.011454484380248571,0,0,1,0,0,0,0,0,0
HÓA ĐƠN THANH TOÁN,0.38461538461538464,0.16069868995633188,0.7692307692307693,0.03406113537117904,0.026200873362445413,1,0,0,0,0,0,0,0,0
HĐ: 0003,0.2692307692307692,0.20087336244541484,0.38461538461538464,0.022707423580786028,0.008733624454148471,1,0,0,0,0,0,0,0,0
Ngày: 20/04/2018 Giờ: 16:05:09,0.2692307692307692,0.22358078602620088,1.0,0.028820960698689963,0.028820960698689963,0,1,0,0,0,0,0,0,0
BANS 12,0.2692307692307692,0.2445414847161572,1.0384615384615383,0.03580786026200873,0.03718508565670138,1,0,0,0,0,0,0,0,0
TÊNHÀNSG SL ĐGIÁ T.TIÊN,0.3076923076923077,0.2838427947598253,0.9230769230769232,0.025327510917030567,0.02337924084648976,0,0,0,0,1,0,0,0,0
Thúc ăn,0.2692307692307692,0.314410480349345,0.2307692307692308,0.019213973799126642,0.0044339939536446075,0,0,0,0,0,1,0,0,0
"2. Cảnh gà chiên 1 34,000 34,000",0.2307692307692308,0.3432314410480349,1.0384615384615383,0.028820960698689963,0.029929459187101107,0,0,0,0,0,1,0,0,0
giòn cav -,0.2307692307692308,0.3641921397379913,0.2307692307692308,0.017467248908296942,0.004030903594222372,0,0,0,0,0,1,0,0,0
"18. Xúc xÍehchiên 1 15,000 15,000",0.2307692307692308,0.3868995633187773,1.0384615384615383,0.029694323144104806,0.030836412495801144,0,0,0,0,0,1,0,0,0
"18.Khoaitiylắ€c 1 17.000 17,000",0.2307692307692308,0.41746724890829695,1.0384615384615383,0.028820960698689963,0.029929459187101107,0,0,0,0,0,1,0,0,0
"Comboi 1 79/000 79,000",0.2307692307692308,0.4480349344978166,1.0384615384615383,0.02794759825327511,0.029022505878401075,0,0,0,0,0,1,0,0,0
]|->Đùi gà giòn cay,0.2307692307692308,0.4777292576419214,0.4230769230769231,0.02096069868995633,0.008867987907289217,0,0,0,0,0,1,0,0,0
uv,1.1923076923076923,0.4899563318777293,0.07692307692307693,0.019213973799126642,0.001477997984548203,0,0,0,0,0,1,0,0,0
|->Cánh gà giòn,0.2307692307692308,0.5074235807860262,0.38461538461538464,0.02096069868995633,0.008061807188444743,0,0,0,0,0,1,0,0,0
cay,0.19230769230769232,0.5275109170305677,0.19230769230769232,0.0148471615720524,0.0028552233792408467,0,0,0,0,0,1,0,0,0
|->Khoai tây chiên,0.2307692307692308,0.5528384279475983,0.4230769230769231,0.016593886462882096,0.007020490426603964,0,0,0,0,0,1,0,0,0
l->Cocacola,0.2307692307692308,0.5816593886462882,0.2692307692307692,0.01572052401746725,0.00423244877393349,0,0,0,0,0,1,0,0,0
"Combo2 1 75,000 75,000",0.19230769230769232,0.6096069868995633,1.0384615384615383,0.024454148471615717,0.02539469264360094,0,0,0,0,0,1,0,0,0
|->Gà quay gidy,0.2307692307692308,0.640174672489083,0.3461538461538461,0.02096069868995633,0.007255626469600269,0,0,0,0,0,1,0,0,0
bac,0.19230769230769232,0.6593886462882096,0.15384615384615385,0.0148471615720524,0.002284178703392677,0,0,0,0,0,1,0,0,0
I->Khoail tây chiên.,0.2307692307692308,0.6812227074235808,0.38461538461538464,0.017467248908296942,0.006718172657037286,0,0,0,0,0,1,0,0,0
I->Cocacola,0.2307692307692308,0.7126637554585152,0.2692307692307692,0.01572052401746725,0.00423244877393349,0,0,0,0,0,1,0,0,0
"220,000",1.0,0.748471615720524,0.2307692307692308,0.020087336244541485,0.0046355391333557285,0,0,0,0,0,1,0,0,0
"T.CONG 12 220,000",0.19230769230769232,0.7807860262008733,1.0384615384615383,0.026200873362445413,0.02720859926100101,0,0,0,0,0,0,1,0,0
"GIAM % HB (-5%) -11,000",0.19230769230769232,0.8052401746724891,1.0384615384615383,0.027074235807860263,0.028115552569701042,0,0,0,0,0,0,1,0,0
"Tiên mặt 209,000",0.19230769230769232,0.8331877729257642,1.0384615384615383,0.036681222707423584,0.03809203896540141,0,0,0,0,0,0,1,0,0
"Khách đưa 800,00",0.19230769230769232,0.8890829694323145,1.0,0.023580786026200874,0.023580786026200874,0,0,0,0,0,0,1,0,0
"Trả lại 291,000",0.19230769230769232,0.9152838427947598,1.0,0.028820960698689963,0.028820960698689963,0,0,0,0,0,0,1,0,0
CÀM ƠN QUY KHÁCH,0.38461538461538464,0.9641921397379912,0.6153846153846154,0.021834061135371167,0.013436345314074572,0,0,0,0,0,0,0,0,1
HEN GAP LAI!,0.5,0.9912663755458516,0.38461538461538464,0.02096069868995633,0.008061807188444743,0,0,0,0,0,0,0,0,1
":EBDNG : JJ5IO 44,000",0.1153846153846154,0.8896690070210632,1.2307692307692308,0.029087261785356068,0.035799706812745934,0,0,0,0,0,1,0,0,0
TIEN MAT 404:000:,0.1153846153846154,0.9247743229689068,1.2307692307692308,0.04012036108324975,0.04937890594861508,0,0,0,0,0,0,1,0,0
‘Ban tania boningan dong.,0.1153846153846154,0.9709127382146441,0.8846153846153846,0.036108324974924784,0.031941979785510374,0,0,0,0,0,0,1,0,0
"SỐ TIỀN THỐI LẠI 86,000",0.07692307692307693,1.0471414242728183,1.2692307692307692,0.03811434302908726,0.04837589692153383,0,0,0,0,0,0,1,0,0
XIN CÁM ƠN HẸN GẶP LẠI,0.3076923076923077,1.111334002006018,0.9615384615384616,0.03410230692076228,0.0327906797315022,0,0,0,0,0,0,0,0,1
‘Tran Hung Bao - TT.Nam Sách - T.Hai Dương.,0.5882352941176471,0.29335071707953064,1.1764705882352942,0.020860495436766626,0.024541759337372498,0,0,0,0,0,0,1,0,0
Hotline: 0127.883.6789,0.8235294117647058,0.3259452411994785,0.7058823529411765,0.022164276401564542,0.01564537157757497,0,0,1,0,0,0,0,0,0
HÓA ĐƠN THANH TOÁN,0.7058823529411765,0.36766623207301175,0.8823529411764706,0.02346805736636245,0.020707109440908044,1,0,0,0,0,0,0,0,0
Ngày: 26/01⁄2018 Giờ: 114019,0.5294117647058824,0.4106910039113429,1.2352941176470589,0.024771838331160364,0.030600506173786325,0,1,0,0,0,0,0,0,0
BAN #,1.4705882352941178,0.4367666232073012,0.29411764705882354,0.02607561929595828,0.007669299792928907,1,0,0,0,0,0,0,0,0
Khách hàng:,0.5294117647058824,0.4654498044328553,0.4117647058823529,0.02346805736636245,0.00966331773909042,1,0,0,0,0,0,0,0,0
TÊN HÀNG. SL ĐGIÁ T.TIEN,0.5882352941176471,0.5032594524119948,1.1764705882352942,0.022164276401564542,0.02607561929595828,0,0,0,0,1,0,0,0,0
"Trả sữa trà xanh. 1 19,000 19,000",0.5294117647058824,0.5384615384615384,1.2352941176470589,0.02607561929595828,0.0322110591303014,0,0,0,0,0,1,0,0,0
"|>Puddlngtiủng 1 5,000 5,000",0.5882352941176471,0.576271186440678,1.1764705882352942,0.022164276401564542,0.02607561929595828,0,0,0,0,0,1,0,0,0
"|->Thạchtráicây 1 5000 £5,000",0.5294117647058824,0.6101694915254238,1.2352941176470589,0.022164276401564542,0.0273794002607562,0,0,0,0,0,1,0,0,0
"Trà sữa khoaimôn 1 19,000 19,000",0.5294117647058824,0.6427640156453716,1.2352941176470589,0.0273794002607562,0.03382161208681647,0,0,0,0,0,1,0,0,0
"|->Thachtréicay 1 5,000  S,000",0.5882352941176471,0.681877444589309,1.1764705882352942,0.020860495436766626,0.024541759337372498,0,0,0,0,0,1,0,0,0
"|->Thạch 2Q + 6000 5,000",0.5294117647058824,0.7131681877444589,1.2352941176470589,0.024771838331160364,0.030600506173786325,0,0,0,0,0,1,0,0,0
"T.GỘNG 6 58,000",0.5294117647058824,0.7483702737940026,1.2352941176470589,0.029986962190352018,0.03704271799984661,0,0,0,0,0,0,1,0,0
"Tiên mặt 58,000",0.5294117647058824,0.7809647979139505,1.2352941176470589,0.03780964797913952,0.046706035738937036,0,0,0,0,0,0,1,0,0
"Khách đưa 100,000.",0.5294117647058824,0.8448500651890483,1.2352941176470589,0.028683181225554105,0.035432165043331534,0,0,0,0,0,0,1,0,0
"Trả lại 42,000",0.5294117647058824,0.8774445893089959,1.2352941176470589,0.03259452411994785,0.04026382391287677,0,0,0,0,0,0,1,0,0
XIN CẢM ƠN - HEN GAP LAI!,0.6470588235294118,0.938722294654498,1.0,0.03129074315514994,0.03129074315514994,0,0,0,0,0,0,0,0,1
Pass wifi: 88888888,0.8235294117647058,0.9739243807040416,0.6470588235294118,0.024771838331160364,0.016028836567221413,1,0,0,0,0,0,0,0,0
** BAN SAO HOA BON ****,0.8235294117647058,1.013037809647979,0.7058823529411765,0.02607561929595828,0.01840631950302937,1,0,0,0,0,0,0,0,0
CAFE BIEN GO,0.3666666666666665,0.15491452991452992,0.6666666666666666,0.0438034188034188,0.0292022792022792,0,0,0,0,0,0,0,1,0
38 Xuân Thủy - Phưởng Thảo Điển - Quận 2,0.2,0.19764957264957264,0.9666666666666668,0.036324786324786335,0.03511396011396011,0,0,0,1,0,0,0,0,0
Tel: D8 66 84 1111- 0967041111,0.3,0.23183760683760685,0.7666666666666667,0.036324786324786335,0.02784900284900285,0,0,1,0,0,0,0,0,0
HÒA ĐƠN THANH TOÁN,0.3333333333333333,0.2777777777777778,0.7,0.03739316239316239,0.026175213675213683,1,0,0,0,0,0,0,0,0
Ngày 05/1/2018 Giờ 18:36:36,0.2,0.37927350427350426,0.9333333333333332,0.042735042735042736,0.039886039886039885,0,1,0,0,0,0,0,0,0
Ban:,0.16666666666666666,0.41025641025641024,0.2,0.02884615384615385,0.00576923076923077,1,0,0,0,0,0,0,0,0
TÊN HÀNG SL GIÁ TIỀN,0.2333333333333333,0.4561965811965812,0.9,0.03952991452991453,0.035576923076923075,0,0,0,0,1,0,0,0,0
"CAPHESUADA 10 18,000 18000.",0.13333333333333333,0.4935897435897436,1.0333333333333334,0.045940170940170943,0.04747150997150997,0,0,0,0,0,1,0,0,0
GIAM% MON 5% .snn,0.16666666666666666,0.5299145299145299,1.0,0.038461538461538464,0.038461538461538464,0,0,0,0,0,0,1,0,0
CAPHEREN 10 13000 13/000,0.13333333333333333,0.5651709401709402,1.0333333333333334,0.04700854700854702,0.048575498575498574,0,0,0,0,0,1,0,0,0
Com suong 10 18000 780000,0.13333333333333333,0.6079059829059829,1.0333333333333334,0.04487179487179487,0.04636752136752137,0,0,0,0,0,1,0,0,0
_Hàng khuyến mãi ˆ,0.16666666666666666,0.6399572649572649,0.43333333333333335,0.035256410256410256,0.015277777777777776,0,0,0,0,0,0,1,0,0
Com suan 4.0,0.13333333333333333,0.6805555555555556,0.5333333333333333,0.03311965811965812,0.017663817663817662,0,0,0,0,0,1,0,0,0
"T.CONG 4,0",0.13333333333333333,0.7243589743589743,0.5333333333333333,0.03098290598290598,0.016524216524216526,0,0,0,0,0,0,1,0,0
"181,000",0.9333333333333332,0.7435897435897436,0.2333333333333333,0.02564102564102564,0.0059829059829059825,0,0,0,0,0,0,1,0,0
GIAM % MON,0.13333333333333333,0.7574786324786325,0.3666666666666665,0.03098290598290598,0.011360398860398859,0,0,0,0,0,0,1,0,0
VAT,0.13333333333333333,0.7959401709401709,0.13333333333333333,0.023504273504273504,0.0031339031339031338,0,0,0,0,0,0,1,0,0
"18,010",0.9666666666666668,0.813034188034188,0.16666666666666666,0.02991452991452992,0.004985754985754986,0,0,0,0,0,0,1,0,0
"TIEN MAT, 198,200",0.13333333333333333,0.8301282051282052,1.0,0.05662393162393161,0.05662393162393161,0,0,0,0,0,0,1,0,0
QUY DOI Usn,0.13333333333333333,0.8771367521367521,0.3333333333333333,0.02564102564102564,0.008547008547008548,0,0,0,0,0,0,1,0,0
TY GIA,0.1,0.9134615384615384,0.2333333333333333,0.02457264957264957,0.005733618233618234,0,0,0,0,0,0,1,0,0
"21,000",0.9333333333333332,0.9294871794871796,0.2,0.02884615384615385,0.00576923076923077,0,0,0,0,0,0,1,0,0
woe chỉn mươi tám ngàn hai trăm.,0.1,0.9433760683760684,0.9666666666666668,0.06837606837606837,0.0660968660968661,0,0,0,0,0,0,1,0,0
SÓ TIỀN KHÁCH ĐƯA,0.1,1.0128205128205128,0.5333333333333333,0.02884615384615385,0.015384615384615384,0,0,0,0,0,0,1,0,0
"200,000",0.9,1.0288461538461535,0.2333333333333333,0.02991452991452992,0.006980056980056979,0,0,0,0,0,0,1,0,0
"SO TIEN THO! LAI 1,880",0.1,1.0555555555555556,1.0333333333333334,0.04700854700854702,0.048575498575498574,0,0,0,0,0,0,1,0,0
KIN CAM O'N - HEN GAP Lali,0.2,1.1175213675213675,0.8,0.037393162393162385,0.02991452991452992,0,0,0,0,0,0,1,0,0
HOA DON THANH TOÁN,1.0,0.005244755244755245,0.8571428571428571,0.038461538461538464,0.03296703296703297,1,0,0,0,0,0,0,0,0
HD: 0002,0.8095238095238095,0.06293706293706294,0.4761904761904762,0.038461538461538464,0.01831501831501832,1,0,0,0,0,0,0,0,0
Ngày 28/112017 Giờ 180415,0.8095238095238095,0.09965034965034963,1.1904761904761905,0.045454545454545456,0.05411255411255411,0,1,0,0,0,0,0,0,0
TEN HANG SL Đ GIÁ T.TIỀN,0.8571428571428571,0.20454545454545456,1.0952380952380951,0.04020979020979022,0.04403929403929404,0,0,0,0,1,0,0,0,0
"Trà Sữa Tương Đạu 1 60,000 60,000",0.7619047619047619,0.2552447552447553,1.2380952380952381,0.05244755244755245,0.06493506493506493,0,0,0,0,0,1,0,0,0
Tra Sữa tươi Ngũ 1 80000 80000,0.7619047619047619,0.3391608391608392,1.2380952380952381,0.04895104895104895,0.060606060606060615,0,0,0,0,0,1,0,0,0
"Eee Tuoi Nad 1 70.003 70,000",0.7619047619047619,0.4195804195804196,1.2380952380952381,0.07692307692307693,0.09523809523809523,0,0,0,0,0,1,0,0,0
"Trà Sữa Tươi Đậu 1 70,000 70,003",0.7619047619047619,0.5017482517482518,1.238095238095238,0.06643356643356642,0.08225108225108227,0,0,0,0,0,1,0,0,0
"Trả Sữa Tươi 1 70000 70,000",0.7619047619047619,0.5874125874125874,1.2380952380952381,0.05244755244755245,0.06493506493506493,0,0,0,0,0,1,0,0,0
Trà Sữa Tươi 1 80000 60.000,0.7142857142857143,0.6730769230769231,1.2857142857142858,0.05244755244755245,0.06743256743256744,0,0,0,0,0,1,0,0,0
Matcha - Ad,0.7619047619047619,0.715034965034965,0.3333333333333333,0.02797202797202797,0.009324009324009324,1,0,0,0,0,0,0,0,0
Hằng Trà -L 1 45000 458001,0.7142857142857143,0.7569930069930071,1.2857142857142858,0.05419580419580418,0.06968031968031968,0,0,0,0,0,1,0,0,0
"TràXanh-L 1 45000 45,000",0.7619047619047619,0.8181818181818182,1.238095238095238,0.05244755244755245,0.06493506493506493,0,0,0,0,0,1,0,0,0
TCONG,0.7619047619047619,0.8741258741258742,0.2857142857142857,0.03146853146853147,0.008991008991008992,0,0,0,0,0,0,1,0,0
"480,000",1.7142857142857142,0.8916083916083916,0.2857142857142857,0.03496503496503497,0.00999000999000999,0,0,0,0,0,0,1,0,0
"Tiên mặt 480,000",0.7619047619047619,0.9160839160839158,1.2380952380952381,0.061188811188811185,0.07575757575757576,0,0,0,0,0,0,1,0,0
B4n tram tam mirot ngan dang?,0.8095238095238095,0.9685314685314684,0.9047619047619048,0.03671328671328671,0.033216783216783216,0,0,0,0,0,0,1,0,0
F5 MILK TEA-COFFEE-,0.14285714285714285,0.2943495400788436,0.9285714285714286,0.05256241787122208,0.04880795945184907,0,0,0,0,0,0,0,1,0
CHICKEN,0.42857142857142855,0.35348226018396844,0.3928571428571429,0.04993429697766097,0.01961704524122396,0,0,0,0,0,0,0,1,0
"3618 Tran Phủ, Kon Tum",0.32142857142857145,0.4572930354796321,0.5714285714285714,0.04204993429697766,0.024028533883987242,0,0,0,1,0,0,0,0,0
Tel: 012.222.55.005,0.35714285714285715,0.5059132720105125,0.5,0.03679369250985545,0.01839684625492773,0,0,1,0,0,0,0,0,0
PHIẾU THANH TOÁN,0.17857142857142858,0.5663600525624178,0.8571428571428571,0.051248357424441525,0.04392716350666416,1,0,0,0,0,0,0,0,0
Số HĐ: 17070002,0.03571428571428571,0.6281208935611038,0.6428571428571429,0.04862023653088042,0.03125586634128027,1,0,0,0,0,0,0,0,0
Thu ngân: AdtntttHator 17/07/2018 09:02,0.0,0.6859395532194481,1.1785714285714286,0.03810775295663602,0.044912708841749575,1,0,0,0,0,0,0,0,0
Tên món SL ĐGiá T.Tiền,0.14285714285714285,0.7371879106438897,1.0,0.04073587385019711,0.04073587385019711,0,0,0,0,1,0,0,0,0
"Pudding đạu dẻ 1 32000 310,000",0.0,0.7897503285151117,1.1428571428571428,0.039421813403416564,0.04505350103247607,0,0,0,0,0,1,0,0,0
"Hạ Thủy Tiueen Vị Sung 55,000",0.07142857142857142,0.8396846254927727,1.0714285714285714,0.04862023653088042,0.05209311056880045,0,0,0,0,0,1,0,0,0
"Tiên thanh toán: 35,000",0.03571428571428571,0.9119579500657028,1.1428571428571428,0.04993429697766097,0.05706776797446968,0,0,0,0,0,0,1,0,0
"Khách đưa: 100,000",0.03571428571428571,0.9816031537450722,1.1428571428571428,0.039421813403416564,0.04505350103247607,0,0,0,0,0,0,1,0,0
"Trả khách: 65,000",0.0,1.028909329829172,1.1785714285714286,0.04073587385019711,0.04801013703773231,0,0,0,0,0,1,0,0,0
"Cám ơn quý khách, Hẹn Gặp lại",0.21428571428571427,1.0932982917214191,0.75,0.035479632063074903,0.026609724047306167,0,0,0,0,0,0,0,0,1
Pasewifi: 12345679,0.35714285714285715,1.1432325886990802,0.4642857142857143,0.030223390275952694,0.014032288342406609,1,0,0,0,0,0,0,0,0
F5 MILK TEA-COFFEE-,0.14285714285714285,0.2943495400788436,0.9285714285714286,0.05256241787122208,0.04880795945184907,0,0,0,0,0,0,0,1,0
CHICKEN,0.42857142857142855,0.35348226018396844,0.3928571428571429,0.04993429697766097,0.01961704524122396,0,0,0,0,0,0,0,1,0
"3618 Tran Phủ, Kon Tum",0.32142857142857145,0.4572930354796321,0.5714285714285714,0.04204993429697766,0.024028533883987242,0,0,0,1,0,0,0,0,0
Tel: 012.222.55.005,0.35714285714285715,0.5059132720105125,0.5,0.03679369250985545,0.01839684625492773,0,0,1,0,0,0,0,0,0
PHIẾU THANH TOÁN,0.17857142857142858,0.5663600525624178,0.8571428571428571,0.051248357424441525,0.04392716350666416,1,0,0,0,0,0,0,0,0
Số HĐ: 17070002,0.03571428571428571,0.6281208935611038,0.6428571428571429,0.04862023653088042,0.03125586634128027,1,0,0,0,0,0,0,0,0
Thu ngân: AdtntttHator 17/07/2018 09:02,0.0,0.6859395532194481,1.1785714285714286,0.03810775295663602,0.044912708841749575,1,0,0,0,0,0,0,0,0
Tên món SL ĐGiá T.Tiền,0.14285714285714285,0.7371879106438897,1.0,0.04073587385019711,0.04073587385019711,0,0,0,0,0,1,0,0,0
Pudding đậu dẻ 1 32000 31000,0.0,0.7897503285151117,1.1428571428571428,0.039421813403416564,0.045053501032476066,0,0,0,0,0,1,0,0,0
"Hạt Thủy Tiên vị Sung 10,000",0.07142857142857142,0.8396846254927727,1.0714285714285714,0.04862023653088042,0.05209311056880045,0,0,0,0,0,1,0,0,0
"Tiên thanh toán: 35,000",0.03571428571428571,0.9119579500657028,1.1428571428571428,0.04993429697766097,0.05706776797446968,0,0,0,0,0,0,1,0,0
"Khách đưa: 100,000",0.03571428571428571,0.9816031537450722,1.1428571428571428,0.039421813403416564,0.045053501032476066,0,0,0,0,0,0,1,0,0
"Tra khách; 65,000",0.0,1.028909329829172,1.1785714285714286,0.04073587385019711,0.04801013703773231,0,0,0,0,0,0,1,0,0
Cám ơn Quý Khách. Hẹn gặp lại,0.21428571428571427,1.0932982917214191,0.75,0.035479632063074903,0.026609724047306167,0,0,0,0,0,0,0,0,1
Pasewifi: 12345679,0.35714285714285715,1.1432325886990802,0.4642857142857143,0.030223390275952694,0.014032288342406609,1,0,0,0,0,0,0,0,0
QUAN AN THIEN TÂN |,0.631578947368421,0.2413793103448276,0.8421052631578947,0.04482758620689655,0.037749546279491834,0,0,0,0,0,0,0,1,0
47/49 TON DAN F13 Q4 TPHCM,0.42105263157894735,0.2793103448275862,1.1052631578947372,0.05517241379310345,0.06098003629764065,0,0,0,1,0,0,0,0,0
DT: 9407863-8259956,0.5789473684210527,0.32068965517241377,0.8947368421052632,0.05,0.04473684210526317,0,0,1,0,0,0,0,0,0
REG 13-11-2011 20:54,0.42105263157894735,0.44482758620689655,1.1578947368421053,0.05689655172413794,0.06588021778584392,0,1,0,0,0,0,0,0,0
BANSO: 47,0.42105263157894735,0.5362068965517242,0.7368421052631579,0.04482758620689655,0.033030852994555354,1,0,0,0,0,0,0,0,0
"2 BUN SING 42,000",0.4736842105263158,0.6172413793103448,1.263157894736842,0.05,0.06315789473684211,0,0,0,0,0,1,0,0,0
"MI GION X CHAY 37,000",0.5263157894736842,0.6586206896551724,1.2105263157894737,0.05172413793103448,0.06261343012704174,0,0,0,0,0,1,0,0,0
"2 MI X GION N 80, 000",0.4736842105263158,0.7034482758620689,1.263157894736842,0.05517241379310345,0.06969147005444648,0,0,0,0,0,1,0,0,0
"4 COM BAT BUU 172, 00U",0.4736842105263158,0.75,1.263157894736842,0.04655172413793104,0.0588021778584392,0,0,0,0,0,1,0,0,0
"SUON CHIEN KDO 65, 0U",0.5263157894736842,0.7965517241379311,1.2105263157894737,0.04482758620689655,0.05426497277676951,0,0,0,0,0,1,0,0,0
"HU TIEU 1 40,000",0.5263157894736842,0.8413793103448276,1.2105263157894737,0.04827586206896552,0.05843920145190563,0,0,0,0,0,1,0,0,0
"TOM LAN BOT 65,000",0.5263157894736842,0.8879310344827587,1.2105263157894737,0.04310344827586207,0.052177858439201454,0,0,0,0,0,1,0,0,0
"2 PEFSI 16,000",0.4736842105263158,0.9310344827586208,1.263157894736842,0.05172413793103448,0.06533575317604355,0,0,0,0,0,1,0,0,0
TIEN MAT,0.5789473684210527,1.0258620689655171,0.6842105263157895,0.04310344827586207,0.029491833030853,0,0,0,0,0,0,1,0,0
CÁM ƠN QUÝ KHÁCH,0.6842105263157895,1.1620689655172414,1.0,0.03965517241379311,0.03965517241379311,0,0,0,0,0,0,0,0,1
HEN GAP LAI!,0.8421052631578947,1.2051724137931037,0.5789473684210527,0.03620689655172414,0.020961887477313968,0,0,0,0,0,0,0,0,1
MOTA CAFE,0.7647058823529411,0.04887218045112782,0.6470588235294118,0.04135338345864661,0.026758071649712518,0,0,0,0,0,0,0,1,0
272 HÀ HUY TẬP - TP. HÀ TĨNH.,0.5294117647058824,0.11466165413533835,1.1176470588235294,0.046992481203007516,0.05252100840336135,0,0,0,1,0,0,0,0,0
911586768.0,0.8235294117647058,0.17669172932330826,0.4705882352941176,0.03383458646616541,0.01592215833701902,0,0,1,0,0,0,0,0,0
HOA DON BAN HANG,0.5294117647058824,0.2274436090225564,1.0588235294117647,0.041353383458646614,0.0437859354268023,1,0,0,0,0,0,0,0,0
Ngày 17/11/18 Số: 111800005,0.4117647058823529,0.2781954887218045,1.3529411764705883,0.03571428571428571,0.04831932773109244,0,1,0,0,0,0,0,0,0
BẢN 02,0.8823529411764706,0.3308270676691729,0.4117647058823529,0.041353383458646614,0.017027863777089782,1,0,0,0,0,0,0,0,0
"""Thu ngần: Administrator",0.4117647058823529,0.3778195488721805,0.8823529411764706,0.03571428571428571,0.031512605042016806,1,0,0,0,0,0,0,0,0
In Luc 17:17,0.4117647058823529,0.4116541353383459,0.5294117647058824,0.03383458646616541,0.017912428129146396,0,1,0,0,0,0,0,0,0
_Giờ vào: 17:17 Giờ ra: 17:17:,0.4117647058823529,0.4642857142857143,1.2941176470588236,0.04323308270676692,0.05594869526758072,0,1,0,0,0,0,0,0,0
 STT| MẶT HÀNG | SL | GIÁ | T TIỀN,0.4117647058823529,0.5093984962406015,1.2941176470588236,0.03947368421052632,0.05108359133126935,0,0,0,0,1,0,0,0,0
"Green Tea | 1| 35,000| 35,000",0.4117647058823529,0.5939849624060151,1.2941176470588236,0.03759398496240601,0.048651039363113664,0,0,0,0,0,1,0,0,0
1 Tra Kiwi,0.4117647058823529,0.6259398496240601,0.4117647058823529,0.03759398496240601,0.015479876160990712,0,0,0,0,0,1,0,0,0
Trà sữa,0.4117647058823529,0.6729323308270677,0.4117647058823529,0.02819548872180452,0.011609907120743036,0,0,0,0,0,1,0,0,0
"| Trà sữa Vy | 1| 30,000| 30,000",0.4117647058823529,0.7556390977443609,1.2941176470588236,0.06015037593984963,0.07784166298098187,0,0,0,0,0,1,0,0,0
"Tiền hàng: 95,000",0.4117647058823529,0.8289473684210527,1.2941176470588236,0.045112781954887216,0.0583812472357364,0,0,0,0,0,0,1,0,0
Giảm 10%: 10.000,0.4117647058823529,0.8890977443609023,1.2941176470588236,0.03947368421052632,0.05108359133126935,0,0,0,0,0,0,1,0,0
"""Tang: 85.000",0.4117647058823529,0.93796992481203,1.2941176470588236,0.05263157894736842,0.06811145510835913,0,0,0,0,0,0,1,0,0
Cam on Quy Khach. Hen gap lai,0.4705882352941176,1.0075187969924813,1.1764705882352942,0.041353383458646614,0.048651039363113664,0,0,0,0,0,0,0,0,1
CAFE PON THUY 2,0.5483870967741935,0.2832618025751073,0.5483870967741935,0.06223175965665236,0.03412709400526097,0,0,0,0,0,0,0,1,0
ĐC: Bệnh viện 108 - Số 1 1ran Hưng tao.,0.5483870967741935,0.3648068669527897,0.5483870967741935,0.03648068669527897,0.020005537865152984,0,0,0,1,0,0,0,0,0
Hoàn Kiếm - HN,0.6774193548387096,0.3969957081545064,0.25806451612903225,0.03433476394849785,0.00886058424477364,0,0,0,1,0,0,0,0,0
HOA DO'N BAN HANG,0.5161290322580645,0.44206008583690987,0.5483870967741935,0.05793991416309013,0.031773501315242966,1,0,0,0,0,0,0,0,0
TAKE AWAY,0.6774193548387096,0.5150214592274678,0.25806451612903225,0.0407725321888412,0.010521943790668698,1,0,0,0,0,0,0,0,0
Naay: 02/05/2019. 50; 02020001,0.4516129032258064,0.5686695278969958,0.7096774193548387,0.03433476394849785,0.02436660667312751,0,1,0,0,0,0,0,0,0
Thu naan: Administrator 1n lúc; 12:13.,0.41935483870967744,0.6158798283261803,0.7419354838709677,0.0407725321888412,0.030250588398172507,1,0,0,0,0,0,0,0,0
Giỏ vào: 12:11 Giờ ra: 12;11,0.4516129032258064,0.6738197424892703,0.7096774193548387,0.03648068669527897,0.025889519590197974,0,1,0,0,0,0,0,0,0
Mặt hàng |SL |ĐVT |Giá |TTiền,0.41935483870967744,0.721030042918455,0.7096774193548387,0.0407725321888412,0.02893534542433892,0,0,0,0,1,0,0,0,0
"Cafe nau da|2 | 1 ly | 25,000",0.4516129032258064,0.778969957081545,0.7096774193548387,0.03433476394849785,0.02436660667312751,0,0,0,0,0,1,0,0,0
"| Cafe nau duong | 2| ly| 25,000| 50,000",0.41935483870967744,0.8283261802575107,0.7096774193548387,0.03862660944206009,0.027412432507268446,0,0,0,0,0,1,0,0,0
———,0.9032258064516128,0.8583690987124464,0.06451612903225806,0.02575107296137339,0.0016613595458950575,1,0,0,0,0,0,0,0,0
"Xúc xích | 2| cái 15,000 - 30,000|",0.41935483870967744,0.8819742489270386,0.7419354838709677,0.03862660944206009,0.028658452166689743,0,0,0,0,0,1,0,0,0
"Tổng: 130,000",0.41935483870967744,0.9313304721030042,0.7419354838709677,0.0536480686695279,0.03980340578706909,0,0,0,0,0,0,1,0,0
"Khách đưa 200,000",0.41935483870967744,0.9849785407725322,0.7419354838709677,0.05793991416309013,0.04298767825003461,0,0,0,0,0,0,1,0,0
"""Trả lại 70,000",0.41935483870967744,1.03862660944206,0.7419354838709677,0.05793991416309013,0.04298767825003461,0,0,0,0,0,0,1,0,0
Cam ơn Quy khach: Hen gap lai,0.5806451612903226,1.0965665236051505,0.41935483870967744,0.045064377682403435,0.01889796483455628,0,0,0,0,0,0,0,0,1
CAFE LIEN,0.42424242424242425,0.09911894273127753,0.3939393939393939,0.03744493392070485,0.01475103457482312,0,0,0,0,0,0,0,1,0
Số 25 Nguyễn Khánh Toàn - Câu Giây:,0.12121212121212124,0.14096916299559473,0.9696969696969696,0.03524229074889868,0.034174342544386595,0,0,0,1,0,0,0,0,0
"-, Hà Nôi",0.5151515151515151,0.1806167400881057,0.21212121212121213,0.02643171806167401,0.005606728073688426,0,0,0,1,0,0,0,0,0
093.66.66.886,0.42424242424242425,0.21365638766519826,0.3636363636363637,0.02753303964757709,0.01001201441730076,0,0,1,0,0,0,0,0,0
HOA DON TAM TINH,0.3333333333333333,0.2665198237885463,0.5757575757575758,0.03303964757709251,0.019022827392871446,1,0,0,0,0,0,0,0,0
Ngày: 14/012018 Giờ: 17:25:30,0.12121212121212124,0.3546255506607929,0.9696969696969696,0.031938325991189426,0.030970497930850355,0,1,0,0,0,0,0,0,0
0,0.12121212121212124,0.3865638766519824,1.0,0.039647577092511016,0.039647577092511016,1,0,0,0,0,0,0,0,0
Khách hàng:,0.12121212121212124,0.4251101321585903,0.3333333333333333,0.0341409691629956,0.011380323054331865,1,0,0,0,0,0,0,0,0
TÊN HÀNG SL ĐGIÁ T.TIEN,0.18181818181818185,0.473568281938326,0.8787878787878788,0.025330396475770924,0.02226004538779869,0,0,0,0,1,0,0,0,0
"Rồng há mềm 4 32,000. 128,000",0.09090909090909093,0.5165198237885462,1.0303030303030305,0.03524229074889868,0.03631023895341076,0,0,0,0,0,1,0,0,0
"Hạt hướng dương 2 15,000 30,000",0.09090909090909093,0.5638766519823789,1.0303030303030305,0.0341409691629956,0.03517554398611667,0,0,0,0,0,1,0,0,0
"Trà xanh 5 30,000 150,000",0.09090909090909093,0.7015418502202643,1.0303030303030305,0.030837004405286344,0.03177145908423441,0,0,0,0,0,1,0,0,0
"GIAM % MON 5 % -7,500",0.12121212121212124,0.7400881057268722,1.0,0.030837004405286344,0.030837004405286344,0,0,0,0,0,0,1,0,0
"Bla haineken 3 30,000 80,000",0.09090909090909093,0.7819383259911894,1.0303030303030305,0.03524229074889868,0.03631023895341076,0,0,0,0,0,1,0,0,0
"Bo dằm 10 50,000 500,000",0.060606060606060615,0.8303964757709251,1.0606060606060606,0.031938325991189426,0.033873982111867575,0,0,0,0,0,1,0,0,0
"Lắc xoáy 5 40,000 200,000",0.09090909090909093,0.8744493392070485,1.0303030303030305,0.0341409691629956,0.03517554398611667,0,0,0,0,0,1,0,0,0
"T.CONG 34 1,118,000",0.09090909090909093,0.9229074889867841,1.0303030303030305,0.031938325991189426,0.032906154051528504,0,0,0,0,0,0,1,0,0
"GIẢM % MÓN =7,500",0.09090909090909093,0.9581497797356828,1.0,0.03634361233480176,0.03634361233480176,0,0,0,0,0,0,1,0,0
"TAM TINH 1,110,500",0.09090909090909093,0.998898678414097,1.0,0.03854625550660793,0.03854625550660793,0,0,0,0,0,0,1,0,0
"CAM ON, XIN GAP LAI!",0.2727272727272727,1.0748898678414096,0.6363636363636364,0.024229074889867842,0.015418502202643172,0,0,0,0,0,0,0,0,1
"Sô 7 Nam Quôc Cang, Quận 1,",0.9230769230769232,0.137123745819398,1.1538461538461535,0.03177257525083612,0.03666066375096475,0,0,0,1,0,0,0,0,0
TP. H6 ChiMinh,1.2307692307692308,0.1705685618729097,0.6153846153846154,0.02842809364548495,0.017494211474144584,0,0,0,1,0,0,0,0,0
HOA DON,1.2307692307692308,0.2508361204013378,0.6153846153846154,0.033444816053511704,0.02058142526369951,1,0,0,0,0,0,0,0,0
Ngày CT: 04/11/2015 - 08:56,0.8461538461538461,0.3394648829431438,1.0769230769230769,0.026755852842809364,0.028813995369179318,0,1,0,0,0,0,0,0,0
Khách hàng: Khách lẻ.,0.8461538461538461,0.3779264214046823,0.7692307692307693,0.02842809364548495,0.02186776434268073,1,0,0,0,0,0,0,0,0
'Điện thoại:,0.8461538461538461,0.4180602006688963,0.38461538461538464,0.02508361204013378,0.009647543092359146,0,0,1,0,0,0,0,0,0
Nhân viên: Administrator,0.8461538461538461,0.4581939799331104,0.9230769230769232,0.02842809364548495,0.02624131721121688,1,0,0,0,0,0,0,0,0
SL ĐGi CK_ TTiền,0.9230769230769232,0.5050167224080268,1.2307692307692308,0.03678929765886288,0.04527913558013893,0,0,0,0,1,0,0,0,0
Lầu thái,0.9230769230769232,0.5518394648829431,0.2307692307692308,0.02508361204013378,0.005788525855415489,0,0,0,0,0,1,0,0,0
"41,00 130.000 0 130000",1.0,0.5819397993311036,1.1538461538461535,0.02508361204013378,0.02894262927707744,0,0,0,0,0,1,0,0,0
100.0 60000.0 0.0 60.0,1.0,0.6454849498327759,1.1538461538461535,0.03177257525083612,0.03666066375096475,0,0,0,0,0,0,1,0,0
Bồ xào củ hành,0.8461538461538461,0.68561872909699,0.6153846153846154,0.026755852842809364,0.01646514021095961,0,0,0,0,0,1,0,0,0
"4,00 65.000 0 65.000",1.0,0.7140468227424749,1.1538461538461535,0.02842809364548495,0.032801646514021086,0,0,0,0,0,1,0,0,0
Heo rừng nướng ngữ vị,0.8461538461538461,0.7558528428093646,0.7692307692307693,0.02508361204013378,0.01929508618471829,0,0,0,0,0,1,0,0,0
"41,00 65000 09 6535000",1.0,0.7842809364548495,1.1538461538461535,0.026755852842809364,0.030872137895549268,0,0,0,0,0,1,0,0,0
(Cang ghe rang mudi,0.8461538461538461,0.8210702341137124,0.6923076923076923,0.023411371237458192,0.016207872395163362,0,0,0,0,0,1,0,0,0
100.0 65.0 0.0 65.0,1.0,0.8494983277591973,1.1538461538461535,0.02842809364548495,0.032801646514021086,0,0,0,0,0,1,0,0,0
Mì xảo bò.,0.8461538461538461,0.8862876254180602,0.38461538461538464,0.026755852842809364,0.010290712631849757,0,0,0,0,0,1,0,0,0
_ T00 50000 0 50.000,1.0,0.9180602006688964,1.1538461538461535,0.026755852842809364,0.030872137895549268,0,0,0,0,0,1,0,0,0
Tổng cộng 435.000,0.8461538461538461,0.979933110367893,1.3076923076923077,0.026755852842809364,0.03498842294828917,0,0,0,0,0,0,1,0,0
Thué GTGT 0%,0.8461538461538461,1.0083612040133778,0.7692307692307693,0.03177257525083612,0.02444044250064317,0,0,0,0,0,0,1,0,0
"Sô 7 Nam Quôc Cang, Quận 1,",0.9230769230769232,0.137123745819398,1.1538461538461535,0.03177257525083612,0.03666066375096475,0,0,0,1,0,0,0,0,0
TP. H6 ChiMinh,1.2307692307692308,0.1705685618729097,0.6153846153846154,0.02842809364548495,0.017494211474144584,0,0,0,1,0,0,0,0,0
HOA DON,1.2307692307692308,0.2508361204013378,0.6153846153846154,0.033444816053511704,0.02058142526369951,1,0,0,0,0,0,0,0,0
Ngày CT: 04/11/2015 - 08:56,0.8461538461538461,0.3394648829431438,1.0769230769230769,0.026755852842809364,0.028813995369179318,0,1,0,0,0,0,0,0,0
Khách hàng: Khách lẻ.,0.8461538461538461,0.3779264214046823,0.7692307692307693,0.02842809364548495,0.021867764342680732,1,0,0,0,0,0,0,0,0
'Điện thoại:,0.8461538461538461,0.4180602006688963,0.38461538461538464,0.02508361204013378,0.009647543092359146,0,0,1,0,0,0,0,0,0
Nhân viên: Administrator,0.8461538461538461,0.4581939799331104,0.9230769230769232,0.02842809364548495,0.02624131721121688,1,0,0,0,0,0,0,0,0
SL ĐGi CK_ TTiền,0.9230769230769232,0.5050167224080268,1.2307692307692308,0.03678929765886288,0.04527913558013893,0,0,0,0,1,0,0,0,0
Lầu thái,0.9230769230769232,0.5518394648829431,0.2307692307692308,0.02508361204013378,0.005788525855415489,0,0,0,0,0,1,0,0,0
100.0 60000.0 0.0 60.0,1.0,0.6454849498327759,1.1538461538461535,0.03177257525083612,0.03666066375096475,0,0,0,0,0,1,0,0,0
Bồ xào củ hành,0.8461538461538461,0.68561872909699,0.6153846153846154,0.026755852842809364,0.01646514021095961,0,0,0,0,0,1,0,0,0
"4,00 65.000 0 65.000",1.0,0.7140468227424749,1.1538461538461535,0.02842809364548495,0.032801646514021086,0,0,0,0,0,1,0,0,0
Heo rừng nướng ngữ vị,0.8461538461538461,0.7558528428093646,0.7692307692307693,0.02508361204013378,0.019295086184718292,0,0,0,0,0,1,0,0,0
"41,00 65000 09 6535000",1.0,0.7842809364548495,1.1538461538461535,0.026755852842809364,0.030872137895549268,0,0,0,0,0,1,0,0,0
(Cang ghe rang mudi,0.8461538461538461,0.8210702341137124,0.6923076923076923,0.023411371237458192,0.016207872395163362,0,0,0,0,0,1,0,0,0
100.0 65.0 0.0 65.0,1.0,0.8494983277591973,1.1538461538461535,0.02842809364548495,0.032801646514021086,0,0,0,0,0,1,0,0,0
Mì xảo bò.,0.8461538461538461,0.8862876254180602,0.38461538461538464,0.026755852842809364,0.010290712631849757,0,0,0,0,0,1,0,0,0
_ T00 50000 0 50.000,1.0,0.9180602006688964,1.1538461538461535,0.026755852842809364,0.030872137895549268,0,0,0,0,0,1,0,0,0
Tổng cộng 435.000,0.8461538461538461,0.979933110367893,1.3076923076923077,0.026755852842809364,0.03498842294828917,0,0,0,0,0,1,0,0,0
Thué GTGT 0%,0.8461538461538461,1.0083612040133778,0.7692307692307693,0.03177257525083612,0.02444044250064317,0,0,0,0,0,1,0,0,0
"81100 JOHOR BAHRU,",0.4,0.2026315789473684,0.4666666666666667,0.018421052631578942,0.008596491228070175,0,0,0,1,0,0,0,0,0
JOHOR.,0.5333333333333333,0.22631578947368425,0.2,0.017543859649122806,0.003508771929824561,0,0,0,1,0,0,0,0,0
Date : 25/12/2018 8:13:39 PH,0.1,0.38859649122807016,0.8,0.02280701754385965,0.018245614035087718,0,1,0,0,0,0,0,0,0
Cashier * MANTIS,0.1,0.4140350877192983,0.4666666666666667,0.020175438596491232,0.009415204678362573,1,0,0,0,0,0,0,0,0
Member:,0.1,0.4412280701754386,0.2333333333333333,0.020175438596491232,0.004707602339181286,1,0,0,0,0,0,0,0,0
CASH BILL.,0.4666666666666667,0.4833333333333333,0.3,0.020175438596491232,0.0060526315789473685,1,0,0,0,0,0,0,0,0
CODE/DESC PRICE — Disc ABlOUEI,0.03333333333333333,0.5289473684210526,1.1,0.02280701754385965,0.025087719298245614,0,0,0,0,1,0,0,0,0
ary Ri RM,0.13333333333333333,0.5552631578947368,1.03125,0.02368421052631579,0.02442434210526316,0,0,0,0,1,0,0,0,0
955691900116 — RE MODELLING CLAY KIDDY FISH,0.03333333333333333,0.5964912280701754,1.0,0.021052631578947368,0.021052631578947368,0,0,0,0,0,1,0,0,0
LPC  #*# 9.00) 000 9.00,0.16666666666666666,0.624561403508772,0.9666666666666668,0.02280701754385965,0.022046783625730995,0,0,0,0,0,1,0,0,0
"Total : 9,00",0.6,0.6754385964912281,0.5333333333333333,0.017543859649122806,0.009356725146198829,0,0,0,0,0,0,1,0,0
Rounding Adjustment: 0.00,0.26666666666666666,0.7043859649122807,0.8666666666666667,0.021052631578947368,0.018245614035087718,0,0,0,0,0,0,1,0,0
Rounded Total (RM): 9.00,0.2,0.737719298245614,0.9333333333333332,0.028070175438596492,0.026198830409356725,0,0,0,0,0,0,1,0,0
Cash — 10.00,0.4666666666666667,0.7833333333333333,0.6666666666666666,0.02368421052631579,0.015789473684210527,0,0,0,0,0,0,1,0,0
CHANGE  /a 00,0.4666666666666667,0.8078947368421052,0.6666666666666666,0.02631578947368421,0.017543859649122806,0,0,0,0,0,0,1,0,0
GOODS SOLD ARE NOT REFUNDABLE,0.2,0.8859649122807017,0.8333333333333334,0.020175438596491232,0.016812865497076022,0,0,0,0,0,0,0,0,1
EXCHANGEABLE,0.43333333333333335,0.9078947368421052,0.3666666666666665,0.019298245614035092,0.007076023391812866,0,0,0,0,0,0,0,0,1
THANK YOU,0.4666666666666667,0.9903508771929824,0.3,0.01929824561403509,0.005789473684210528,0,0,0,0,0,0,0,0,1
PLEASE COME AGAIN !,0.3666666666666665,1.0105263157894735,0.4666666666666667,0.019298245614035092,0.009005847953216375,0,0,0,0,0,0,0,0,1
Date : 25/12/2018 8:13:39 PH,0.1,0.38859649122807016,0.8,0.02280701754385965,0.018245614035087718,0,1,0,0,0,0,0,0,0
Member:,0.1,0.4412280701754386,0.2333333333333333,0.020175438596491232,0.004707602339181286,1,0,0,0,0,0,0,0,0
CASH BILL.,0.4666666666666667,0.4833333333333333,0.3,0.020175438596491232,0.0060526315789473685,1,0,0,0,0,0,0,0,0
CODE/DESC PRICE — Disc ABlOUEI,0.03333333333333333,0.5289473684210526,1.1,0.02280701754385965,0.025087719298245614,0,0,0,0,1,0,0,0,0
ary Ri RM,0.13333333333333333,0.5552631578947368,1.03125,0.02368421052631579,0.02442434210526316,0,0,0,0,1,0,0,0,0
955691900116 — RE MODELLING CLAY KIDDY FISH,0.03333333333333333,0.5964912280701754,1.0,0.021052631578947368,0.021052631578947368,0,0,0,0,0,1,0,0,0
LPC  #*# 9.00) 000 9.00,0.16666666666666666,0.624561403508772,0.9666666666666668,0.02280701754385965,0.022046783625730995,0,0,0,0,0,1,0,0,0
Total: 9.00,0.6,0.6754385964912281,0.5333333333333333,0.017543859649122806,0.009356725146198829,0,0,0,0,0,0,1,0,0
Rounding Adjustment: 0.00,0.26666666666666666,0.7043859649122807,0.8666666666666667,0.021052631578947368,0.018245614035087718,0,0,0,0,0,0,1,0,0
"LOT 1851-A & 1851-B, JALAN KPB 6,",0.14285714285714285,0.2383134738771769,1.0,0.027497708524289642,0.027497708524289642,0,0,0,1,0,0,0,0,0
"43300 SERI KEMBANGAN, SELANGOR",0.17857142857142858,0.28780934922089824,0.9642857142857144,0.02841429880843263,0.02739950242241718,0,0,0,1,0,0,0,0,0
INVOICE-,0.5357142857142857,0.3400549954170486,0.25,0.022914757103574702,0.005728689275893675,1,0,0,0,0,0,0,0,0
CHOPPING BOARD 35.5x25.5CM 803MH,0.03571428571428571,0.384967919340055,1.0,0.031164069660861594,0.031164069660861594,0,0,0,0,0,1,0,0,0
EZ10HD05 - 24,0.03571428571428571,0.4097158570119157,0.42857142857142855,0.025664527956003668,0.010999083409715857,0,0,0,0,0,1,0,0,0
5,0.03571428571428571,0.43354720439963335,1.1785714285714286,0.03299725022914757,0.03888961634149536,0,0,0,0,0,1,0,0,0
AIR PRESSURE SPRAYER §X-575-1 1.5L.,0.03571428571428571,0.46012832263978,1.0714285714285714,0.03208065994500458,0.03437213565536205,0,0,0,0,0,1,0,0,0
HE03-7 - 15,0.03571428571428571,0.4848762603116407,0.3928571428571429,0.024747937671860683,0.00972240408537384,0,0,0,0,0,1,0,0,0
9066468 = 1X 8.02 8.02,0.03571428571428571,0.5096241979835013,1.1785714285714286,0.03299725022914757,0.03888961634149536,0,0,0,0,0,1,0,0,0
WAXED WINDSHILED CLEANER 120ML,0.03571428571428571,0.5343721356553621,0.9285714285714286,0.030247479376718605,0.02808694513552442,0,0,0,0,0,1,0,0,0
WA14-3A - 48,0.03571428571428571,0.5600366636113657,0.42857142857142855,0.024747937671860683,0.010606259002226006,0,0,0,0,0,1,0,0,0
9557031100236 1X 3.02 3.02,0.03571428571428571,0.5847846012832264,1.1785714285714286,0.030247479376718605,0.03564881497970408,0,0,0,0,0,1,0,0,0
B0PP TAPE 48MM+100MH CLEAR,0.03571428571428571,0.6086159486709439,0.7857142857142857,0.026581118240146653,0.0208851643315438,0,0,0,0,0,1,0,0,0
69358 18350846 1X 3.88 3.88,0.03571428571428571,0.6581118240146654,1.1785714285714286,0.031164069660861594,0.036729082100301166,0,0,0,0,0,1,0,0,0
Item(s) : 4 0ty(s) : 4,0.03571428571428571,0.7076076993583869,1.25,0.034830430797433545,0.043538038496791935,0,0,0,0,0,1,0,0,0
ROUNIDNG ADJUSTMENT RM 0.02,0.03571428571428571,0.7809349220898258,1.2142857142857142,0.03299725022914757,0.04006808956396491,0,0,0,0,0,0,1,0,0
CHANGE NX Y RM 18.10,0.03571428571428571,0.8579285059578369,1.2142857142857142,0.030247479376718605,0.036729082100301166,0,0,0,0,0,0,1,0,0
12-01-18 21:13 SH01 7K08 T4 R000027830,0.0,0.9028414298808431,1.25,0.03299725022914757,0.04124656278643447,0,0,0,0,0,1,0,0,0
STRICTLY NO CASH REFUND.,0.25,1.0284142988084326,0.75,0.027497708524289642,0.02062328139321724,0,0,0,0,0,0,0,0,1
MR O.1.¥. (JGHGR) SDN BHD,0.25,0.18790100824931247,0.7857142857142857,0.027497708524289642,0.021605342411941862,0,0,0,0,0,1,0,0,0
"43300 SERI KEMBANGAN, SELANGOR",0.17857142857142858,0.28780934922089824,0.9642857142857144,0.02841429880843263,0.02739950242241718,0,0,0,1,0,0,0,0,0
INVOICE-,0.5357142857142857,0.3400549954170486,0.25,0.022914757103574702,0.005728689275893675,1,0,0,0,0,0,0,0,0
CHOPPING BOARD 35.5x25.5CM 803MH,0.03571428571428571,0.384967919340055,1.0,0.031164069660861594,0.031164069660861594,0,0,0,0,0,1,0,0,0
EZ10HD05 - 24,0.03571428571428571,0.4097158570119157,0.42857142857142855,0.025664527956003668,0.010999083409715857,0,0,0,0,0,1,0,0,0
8970669 _ 1X 19.00 19.00,0.03571428571428571,0.43354720439963335,1.1785714285714286,0.03299725022914757,0.03888961634149536,0,0,0,0,0,1,0,0,0
AIR PRESSURE SPRAYER §X-575-1 1.5L.,0.03571428571428571,0.46012832263978004,1.0714285714285714,0.03208065994500458,0.03437213565536205,0,0,0,0,0,1,0,0,0
HE03-7 - 15,0.03571428571428571,0.4848762603116407,0.3928571428571429,0.024747937671860683,0.00972240408537384,0,0,0,0,0,1,0,0,0
9066468 = 1X 8.02 8.02,0.03571428571428571,0.5096241979835013,1.1785714285714286,0.03299725022914757,0.03888961634149536,0,0,0,0,0,1,0,0,0
WAXED WINDSHILED CLEANER 120ML,0.03571428571428571,0.5343721356553621,0.9285714285714286,0.030247479376718605,0.02808694513552442,0,0,0,0,0,1,0,0,0
WA14-3A - 48,0.03571428571428571,0.5600366636113657,0.42857142857142855,0.024747937671860683,0.010606259002226006,0,0,0,0,0,1,0,0,0
9557031100236 1X 3.02 3.02,0.03571428571428571,0.5847846012832264,1.1785714285714286,0.030247479376718605,0.03564881497970408,0,0,0,0,0,1,0,0,0
B0PP TAPE 48MM+100MH CLEAR,0.03571428571428571,0.6086159486709439,0.7857142857142857,0.026581118240146653,0.0208851643315438,0,0,0,0,0,1,0,0,0
F7-04 - 36,0.03571428571428571,0.6333638863428047,0.35714285714285715,0.022914757103574702,0.00818384182270525,0,0,0,0,0,1,0,0,0
69358 18350846 1X 3.88 3.88,0.03571428571428571,0.6581118240146654,1.1785714285714286,0.031164069660861594,0.036729082100301166,0,0,0,0,0,1,0,0,0
Item(s) : 4 0ty(s) : 4,0.03571428571428571,0.7076076993583869,1.25,0.034830430797433545,0.043538038496791935,0,0,0,0,0,0,1,0,0
ROUNDING ADJUSTMENT RM 0.02,0.03571428571428571,0.7809349220898258,1.2142857142857142,0.03299725022914757,0.04006808956396491,0,0,0,0,0,0,1,0,0
CHANGE NX Y RM 18.10,0.03571428571428571,0.8579285059578369,1.2142857142857142,0.030247479376718605,0.036729082100301166,0,0,0,1,0,0,0,0,0
12-01-18 21:13 SH01 7K08 T4 R000027830,0.0,0.9028414298808431,1.25,0.03299725022914757,0.04124656278643447,0,0,0,0,0,0,1,0,0
EXCHANGE ARE ALLOWED WITHIN,0.17857142857142858,0.9780018331805684,0.8571428571428571,0.02933088909257562,0.02514076207935053,0,0,0,0,0,0,0,0,1
Tol :03-3362 4395 Fax:03-3362 4305,0.2307692307692308,0.16651248843663274,0.8461538461538461,0.034227567067530065,0.028961787518679286,0,0,1,0,0,0,0,0,0
TAX INVOICE,0.4615384615384616,0.2127659574468085,0.38461538461538464,0.02312673450508788,0.008894897886572262,1,0,0,0,0,0,0,0,0
Station: CASHIER,0.1153846153846154,0.23311748381128586,0.4615384615384616,0.02497687326549491,0.011527787660997652,1,0,0,0,0,0,0,0,0
Bill Start: 20/12/2017 07:10:38 py,0.1153846153846154,0.2923219241443108,0.8846153846153846,0.03330249768732655,0.029459901800327325,0,1,0,0,0,0,0,0,0
Address,0.1153846153846154,0.3691026827012026,0.19230769230769232,0.02035152636447733,0.003913755070091796,0,0,0,1,0,0,0,0,0
"""5 JOINT 2DBTN. 2BÐGGQ. SR",0.07692307692307693,0.4986123959296948,1.0769230769230769,0.025901942645698426,0.027894399772290614,0,0,0,1,0,0,0,0,0
TH 3/83 UNI ( 0.17)=RM 3.83,0.07692307692307693,0.5263644773358002,1.0384615384615383,0.036077705827937095,0.03746530989824237,0,0,0,0,0,1,0,0,0
Y@30. BK 7W WW LED TRACK LIGHf aN,0.07692307692307693,0.5550416281221091,1.0769230769230769,0.03145235892691952,0.033871771152067166,0,0,0,0,0,1,0,0,0
RH 33.02 UNI (  3.96)=RM 66.04,0.2307692307692308,0.5846438482886216,0.8846153846153846,0.02682701202590194,0.0237315875613748,0,0,0,0,0,1,0,0,0
Sub Total,0.07692307692307693,0.6197964847363552,0.2692307692307692,0.01942645698427382,0.00523019995730449,0,0,0,0,0,0,1,0,0
là 08. H/,0.8461538461538461,0.6308973172987974,0.2692307692307692,0.016651248843663275,0.004483028534832421,0,0,0,0,0,0,1,0,0
Service Charge : RM 0.00,0.07692307692307693,0.6401480111008325,1.0384615384615383,0.02497687326549491,0.025937522237244718,0,0,0,0,0,0,1,0,0
GST/TAX 6A  — : RM 4.13,0.07692307692307693,0.6577243293246994,1.0384615384615383,0.02682701202590194,0.027858820180744325,0,0,0,0,0,0,1,0,0
‘CHANGE: RM ˆ 0.00,0.07692307692307693,0.7317298797409806,0.8461538461538461,0.02682701202590194,0.022699779406532408,0,0,0,0,0,0,1,0,0
Ttem Count:,0.07692307692307693,0.7798334875115633,0.3076923076923077,0.02127659574468085,0.006546644844517185,0,0,0,0,0,0,1,0,0
"@tv Count : 3,0",0.07692307692307693,0.7974098057354302,0.4230769230769231,0.02220166512488437,0.009393012168220308,0,0,0,0,0,0,1,0,0
Closed Bill: 20/12/2017 07:10:51 PM,0.07692307692307693,0.8362627197039778,0.9230769230769232,0.025901942645698426,0.023909485519106242,0,1,0,0,0,0,0,0,0
"Thank You, Please cone agains",0.07692307692307693,0.8667900092506938,0.7307692307692307,0.0240518038852914,0.01757631822386679,0,0,0,0,0,0,0,0,1
"Goods Sold are not refundable, returnable",0.07692307692307693,0.8871415356151712,1.0384615384615383,0.02312673450508788,0.02401622429374511,0,0,0,0,0,0,0,0,1
BANK ACC MBB 5128. 4851. 2118,0.038461538461538464,0.9037927844588344,0.7307692307692307,0.0240518038852914,0.01757631822386679,1,0,0,0,0,0,0,0,0
BANK ACC MBB 5626 4732 1744,0.07692307692307693,0.9250693802035151,0.6923076923076923,0.020351526364477332,0.014089518252330463,1,0,0,0,0,0,0,0,0
IBANK ACC AMBANK 888 100 123 3706,0.038461538461538464,0.9435707678075856,0.8461538461538461,0.02312673450508788,0.019568775350458967,1,0,0,0,0,0,0,0,0
GST Summary Âmount(RM) - TaxRM),0.038461538461538464,0.9722479185938946,0.8846153846153846,0.02312673450508788,0.020458265139116204,0,0,0,0,0,0,1,0,0
SR @ 6% - 68. 87 4.13,0.038461538461538464,1.0092506938020351,0.9230769230769232,0.02312673450508788,0.021347754927773428,0,0,0,0,0,0,1,0,0
TAX INVOICE,0.4642857142857143,0.19775739041794088,0.35714285714285715,0.021406727828746176,0.00764525993883792,1,0,0,0,0,0,0,0,0
DAIE — : 12/28/2017 1:17:32 PR,0.10714285714285714,0.327217125382263,0.9285714285714286,0.034658511722731905,0.03218290374253677,0,1,0,0,0,0,0,0,0
Prowct Qty U.Price BST,0.10714285714285714,0.4322120285423038,0.75,0.03160040774719674,0.02370030581039756,0,0,0,0,1,0,0,0,0
Total Itens =  I.00 -,0.10714285714285714,0.5698267074413863,0.5714285714285714,0.0254841997961264,0.0145623998835008,0,0,0,0,0,0,1,0,0
Thank You. Com Again,0.35714285714285715,0.9510703363914372,0.5714285714285714,0.04077471967380224,0.023299839813601283,0,0,0,0,0,0,0,0,1
2017-12-28 22.1 Fay:,0.3928571428571429,0.9796126401630988,0.5,0.03873598369011213,0.01936799184505606,0,1,0,0,0,0,0,0,0
